v	A
0.00000000	0.55093810
0.01192093	0.38291990
0.02384186	0.26164760
0.03576279	0.08356599
0.04768372	0.00858097
0.05960464	0.00340332
0.07152557	0.00234777
0.08344650	0.00232932
0.09536743	0.00193527
0.10728836	0.00139814
0.11920929	0.00148115
0.13113022	0.00166106
0.14305115	0.00213649
0.15497208	0.00256304
0.16689301	0.00241186
0.17881393	0.00208258
0.19073486	0.00218189
0.20265579	0.00194498
0.21457672	0.00208612
0.22649765	0.00185091
0.23841858	0.00127877
0.25033951	0.00119981
0.26226044	0.00164780
0.27418137	0.00258218
0.28610229	0.00543282
0.29802322	0.00717847
0.30994415	0.00656855
0.32186508	0.00680217
0.33378601	0.00742085
0.34570694	0.00741439
0.35762787	0.00737989
0.36954880	0.00475256
0.38146973	0.00194091
0.39339066	0.00197735
0.40531158	0.00224240
0.41723251	0.00212931
0.42915344	0.00216207
0.44107437	0.00163849
0.45299530	0.00129314
0.46491623	0.00130711
0.47683716	0.00100593
0.48875809	0.00098514
0.50067902	0.00112063
0.51259995	0.00105509
0.52452087	0.00171805
0.53644180	0.00227700
0.54836273	0.00202497
0.56028366	0.00204427
0.57220459	0.00239831
0.58412552	0.00187950
0.59604645	0.00129470
0.60796738	0.00085456
0.61988831	0.00266532
0.63180923	0.00737818
0.64373016	0.01064175
0.65565109	0.01083518
0.66757202	0.01055822
0.67949295	0.00803845
0.69141388	0.00630106
0.70333481	0.00624834
0.71525574	0.00416865
0.72717667	0.00178525
0.73909760	0.00136877
0.75101852	0.00137724
0.76293945	0.00189219
0.77486038	0.00264931
0.78678131	0.00271105
0.79870224	0.00246769
0.81062317	0.00242487
0.82254410	0.00173084
0.83446503	0.00147778
0.84638596	0.00092891
0.85830688	0.00035600
0.87022781	0.00026029
0.88214874	0.00107850
0.89406967	0.00140554
0.90599060	0.00244643
0.91791153	0.00287742
0.92983246	0.00307782
0.94175339	0.00369407
0.95367432	0.01123359
0.96559525	0.10413400
0.97751617	0.29477180
0.98943710	0.40595750
1.00135803	0.41484380
1.01327896	0.39519550
1.02519989	0.25297410
1.03712082	0.07276622
1.04904175	0.00743329
1.06096268	0.00360963
1.07288361	0.00234101
1.08480453	0.00203989
1.09672546	0.00122072
1.10864639	0.00062317
1.12056732	0.00053146
1.13248825	0.00077277
1.14440918	0.00106590
1.15633011	0.00101721
1.16825104	0.00080945
1.18017197	0.00127339
1.19209290	0.00161232
1.20401382	0.00148887
1.21593475	0.00125081
1.22785568	0.00089830
1.23977661	0.00088638
1.25169754	0.00179040
1.26361847	0.00249186
1.27553940	0.00294921
1.28746033	0.00517537
1.29938126	0.00631559
1.31130219	0.00578727
1.32322311	0.00549181
1.33514404	0.00452324
1.34706497	0.00369306
1.35898590	0.00407757
1.37090683	0.00329935
1.38282776	0.00298835
1.39474869	0.00356788
1.40666962	0.00348677
1.41859055	0.00331609
1.43051147	0.00325004
1.44243240	0.00245463
1.45435333	0.00173679
1.46627426	0.00112430
1.47819519	0.00057326
1.49011612	0.00056907
1.50203705	0.00119254
1.51395798	0.00147673
1.52587891	0.00184026
1.53779984	0.00180231
1.54972076	0.00110068
1.56164169	0.00074786
1.57356262	0.00074029
1.58548355	0.00058619
1.59740448	0.00046035
1.60932541	0.00111611
1.62124634	0.00418015
1.63316727	0.01024656
1.64508820	0.01347438
1.65700912	0.01310693
1.66893005	0.01211858
1.68085098	0.00824551
1.69277191	0.00577144
1.70469284	0.00566257
1.71661377	0.00363000
1.72853470	0.00153531
1.74045563	0.00103731
1.75237656	0.00091337
1.76429749	0.00116070
1.77621841	0.00163740
1.78813934	0.00154911
1.80006027	0.00150899
1.81198120	0.00140050
1.82390213	0.00060466
1.83582306	0.00050581
1.84774399	0.00022742
1.85966492	0.00024434
1.87158585	0.00090011
1.88350677	0.00180876
1.89542770	0.00188214
1.90734863	0.00236438
1.91926956	0.00239262
1.93119049	0.00245419
1.94311142	0.00258297
1.95503235	0.01488647
1.96695328	0.11703730
1.97887421	0.29914000
1.99079514	0.38940790
2.00271606	0.39442060
2.01463699	0.36716090
2.02655792	0.21860590
2.03847885	0.05627092
2.05039978	0.00614667
2.06232071	0.00344684
2.07424164	0.00203570
2.08616257	0.00165969
2.09808350	0.00111895
2.11000443	0.00097947
2.12192535	0.00112579
2.13384628	0.00137125
2.14576721	0.00172463
2.15768814	0.00188914
2.16960907	0.00147920
2.18153000	0.00124974
2.19345093	0.00098099
2.20537186	0.00060817
2.21729279	0.00082746
2.22921371	0.00124773
2.24113464	0.00156219
2.25305557	0.00215904
2.26497650	0.00258533
2.27689743	0.00328191
2.28881836	0.00549238
2.30073929	0.00627659
2.31266022	0.00578194
2.32458115	0.00530576
2.33650208	0.00327495
2.34842300	0.00038532
2.36034393	0.00129562
2.37226486	0.00175355
2.38418579	0.00235011
2.39610672	0.00305763
2.40802765	0.00275411
2.41994858	0.00255216
2.43186951	0.00251059
2.44379044	0.00189845
2.45571136	0.00145626
2.46763229	0.00127580
2.47955322	0.00120694
2.49147415	0.00145892
2.50339508	0.00176930
2.51531601	0.00167060
2.52723694	0.00176075
2.53915787	0.00168356
2.55107880	0.00147169
2.56299973	0.00173210
2.57492065	0.00181349
2.58684158	0.00171398
2.59876251	0.00253566
2.61068344	0.00335512
2.62260437	0.00601700
2.63452530	0.01158591
2.64644623	0.01391727
2.65836716	0.01322147
2.67028809	0.01189707
2.68220901	0.00733977
2.69412994	0.00427168
2.70605087	0.00359810
2.71797180	0.00169073
2.72989273	0.00090609
2.74181366	0.00136817
2.75373459	0.00164671
2.76565552	0.00207451
2.77757645	0.00248087
2.78949738	0.00220164
2.80141830	0.00182779
2.81333923	0.00166425
2.82526016	0.00106708
2.83718109	0.00077482
2.84910202	0.00079017
2.86102295	0.00113116
2.87294388	0.00161046
2.88486481	0.00200577
2.89678574	0.00200417
2.90870667	0.00267583
2.92062759	0.00223270
2.93254852	0.00173074
2.94446945	0.00094514
2.95639038	0.01858356
2.96831131	0.12496090
2.98023224	0.29034180
2.99215317	0.35949580
3.00407410	0.36232330
3.01599503	0.32836130
3.02791595	0.18150490
3.03983688	0.04206711
3.05175781	0.00531615
3.06367874	0.00286319
3.07559967	0.00161974
3.08752060	0.00123833
3.09944153	0.00139320
3.11136246	0.00153590
3.12328339	0.00194838
3.13520432	0.00210324
3.14712524	0.00271865
3.15904617	0.00320890
3.17096710	0.00284611
3.18288803	0.00243290
3.19480896	0.00166168
3.20672989	0.00108999
3.21865082	0.00131709
3.23057175	0.00151926
3.24249268	0.00180337
3.25441360	0.00294790
3.26633453	0.00320862
3.27825546	0.00355450
3.29017639	0.00470594
3.30209732	0.00473023
3.31401825	0.00472936
3.32593918	0.00541251
3.33786011	0.00464035
3.34978104	0.00405846
3.36170197	0.00454477
3.37362289	0.00379145
3.38554382	0.00322253
3.39746475	0.00303993
3.40938568	0.00181433
3.42130661	0.00135356
3.43322754	0.00128726
3.44514847	0.00082479
3.45706940	0.00057124
3.46899033	0.00069585
3.48091125	0.00094427
3.49283218	0.00135703
3.50475311	0.00143535
3.51667404	0.00114069
3.52859497	0.00153911
3.54051590	0.00150851
3.55243683	0.00109816
3.56435776	0.00103644
3.57627869	0.00105303
3.58819962	0.00142334
3.60012054	0.00245946
3.61204147	0.00313756
3.62396240	0.00617425
3.63588333	0.01141646
3.64780426	0.01290697
3.65972519	0.01218527
3.67164612	0.01067088
3.68356705	0.00557649
3.69548798	0.00167184
3.70740891	0.00178610
3.71932983	0.00173245
3.73125076	0.00242348
3.74317169	0.00279604
3.75509262	0.00226428
3.76701355	0.00192010
3.77893448	0.00163527
3.79085541	0.00143465
3.80277634	0.00138905
3.81469727	0.00125352
3.82661819	0.00115111
3.83853912	0.00145170
3.85046005	0.00156412
3.86238098	0.00117948
3.87430191	0.00119056
3.88622284	0.00123243
3.89814377	0.00108289
3.91006470	0.00175510
3.92198563	0.00153240
3.93390656	0.00148578
3.94582748	0.00114882
3.95774841	0.02049818
3.96966934	0.12468340
3.98159027	0.26682200
3.99351120	0.31662750
4.00543213	0.31815730
4.01735306	0.27891360
4.02927399	0.14218960
4.04119492	0.02929351
4.05311584	0.00343008
4.06503677	0.00112682
4.07695770	0.00029087
4.08887863	0.00046508
4.10079956	0.00101024
4.11272049	0.00173663
4.12464142	0.00212379
4.13656235	0.00177049
4.14848328	0.00152404
4.16040421	0.00089521
4.17232513	0.00031343
4.18424606	0.00036419
4.19616699	0.00075496
4.20808792	0.00143831
4.22000885	0.00224967
4.23192978	0.00241226
4.24385071	0.00219931
4.25577164	0.00275481
4.26769257	0.00264304
4.27961349	0.00229179
4.29153442	0.00245683
4.30345535	0.00242996
4.31537628	0.00459927
4.32729721	0.00761105
4.33921814	0.00814668
4.35113907	0.00849225
4.36306000	0.00858443
4.37498093	0.00605217
4.38690186	0.00430418
4.39882278	0.00344362
4.41074371	0.00180152
4.42266464	0.00107400
4.43458557	0.00082525
4.44650650	0.00049179
4.45842743	0.00096325
4.47034836	0.00151368
4.48226929	0.00167484
4.49419022	0.00174312
4.50611115	0.00152833
4.51803207	0.00125567
4.52995300	0.00146713
4.54187393	0.00134255
4.55379486	0.00095041
4.56571579	0.00065764
4.57763672	0.00071316
4.58955765	0.00128001
4.60147858	0.00221988
4.61339951	0.00266155
4.62532043	0.00613980
4.63724136	0.01123326
4.64916229	0.01252274
4.66108322	0.01202312
4.67300415	0.01008517
4.68492508	0.00469209
4.69684601	0.00039916
4.70876694	0.00171825
4.72068787	0.00195486
4.73260880	0.00230165
4.74452972	0.00262242
4.75645065	0.00226140
4.76837158	0.00208807
4.78029251	0.00153255
4.79221344	0.00028616
4.80413437	0.00043061
4.81605530	0.00046444
4.82797623	0.00008349
4.83989716	0.00116725
4.85181808	0.00188727
4.86373901	0.00227975
4.87565994	0.00271990
4.88758087	0.00262232
4.89950180	0.00196302
4.91142273	0.00160364
4.92334366	0.00073705
4.93526459	0.00092885
4.94718552	0.00206383
4.95910645	0.02387388
4.97102737	0.11994380
4.98294830	0.23417920
4.99486923	0.26684780
5.00679016	0.26675270
5.01871109	0.22444110
5.03063202	0.10484140
5.04255295	0.01903865
5.05447388	0.00209701
5.06639481	0.00096885
5.07831573	0.00135466
5.09023666	0.00150108
5.10215759	0.00173521
5.11407852	0.00195301
5.12599945	0.00220632
5.13792038	0.00214950
5.14984131	0.00201292
5.16176224	0.00166351
5.17368317	0.00124765
5.18560410	0.00109717
5.19752502	0.00096077
5.20944595	0.00139790
5.22136688	0.00210206
5.23328781	0.00234184
5.24520874	0.00268818
5.25712967	0.00347766
5.26905060	0.00342016
5.28097153	0.00317133
5.29289246	0.00274990
5.30481339	0.00079966
5.31673431	0.00398912
5.32865524	0.00862637
5.34057617	0.01021704
5.35249710	0.01111064
5.36441803	0.01042050
5.37633896	0.00670999
5.38825989	0.00482793
5.40018082	0.00399818
5.41210175	0.00261833
5.42402267	0.00185756
5.43594360	0.00145771
5.44786453	0.00144712
5.45978546	0.00179625
5.47170639	0.00168091
5.48362732	0.00139063
5.49554825	0.00174986
5.50746918	0.00189104
5.51939011	0.00180116
5.53131104	0.00178331
5.54323196	0.00134682
5.55515289	0.00098510
5.56707382	0.00143170
5.57899475	0.00211573
5.59091568	0.00311923
5.60283661	0.00433681
5.61475754	0.00442412
5.62667847	0.00562702
5.63859940	0.00808181
5.65052032	0.00815876
5.66244125	0.00799567
5.67436218	0.00702169
5.68628311	0.00366267
5.69820404	0.00229991
5.71012497	0.00279778
5.72204590	0.00248074
5.73396683	0.00273129
5.74588776	0.00270703
5.75780869	0.00208296
5.76972961	0.00166885
5.78165054	0.00098286
5.79357147	0.00047561
5.80549240	0.00068801
5.81741333	0.00082062
5.82933426	0.00104111
5.84125519	0.00156705
5.85317612	0.00168231
5.86509705	0.00149168
5.87701797	0.00181984
5.88893890	0.00172755
5.90085983	0.00126980
5.91278076	0.00114862
5.92470169	0.00124180
5.93662262	0.00253253
5.94854355	0.00422120
5.96046448	0.02408227
5.97238541	0.10605690
5.98430634	0.19141050
5.99622726	0.21142970
6.00814819	0.21064120
6.02006912	0.16931430
6.03199005	0.07233629
6.04391098	0.01179593
6.05583191	0.00150077
6.06775284	0.00134274
6.07967377	0.00212461
6.09159470	0.00233797
6.10351563	0.00237164
6.11543655	0.00240330
6.12735748	0.00202361
6.13927841	0.00097175
6.15119934	0.00031833
6.16312027	0.00018483
6.17504120	0.00034961
6.18696213	0.00047883
6.19888306	0.00074239
6.21080399	0.00101079
6.22272491	0.00139067
6.23464584	0.00128098
6.24656677	0.00132992
6.25848770	0.00170874
6.27040863	0.00158160
6.28232956	0.00154086
6.29425049	0.00198573
6.30617142	0.00181319
6.31809235	0.00618918
6.33001328	0.01097110
6.34193420	0.01221398
6.35385513	0.01262997
6.36577606	0.01030230
6.37769699	0.00489863
6.38961792	0.00301394
6.40153885	0.00252336
6.41345978	0.00147296
6.42538071	0.00086577
6.43730164	0.00083444
6.44922256	0.00107680
6.46114349	0.00166309
6.47306442	0.00195944
6.48498535	0.00205945
6.49690628	0.00212085
6.50882721	0.00160274
6.52074814	0.00106235
6.53266907	0.00086776
6.54459000	0.00059552
6.55651093	0.00003943
6.56843185	0.00090212
6.58035278	0.00136475
6.59227371	0.00223406
6.60419464	0.00348597
6.61611557	0.00367615
6.62803650	0.00428831
6.63995743	0.00493990
6.65187836	0.00420963
6.66379929	0.00456023
6.67572021	0.00509239
6.68764114	0.00432585
6.69956207	0.00442134
6.71148300	0.00422809
6.72340393	0.00302315
6.73532486	0.00285467
6.74724579	0.00263404
6.75916672	0.00184972
6.77108765	0.00152130
6.78300858	0.00110888
6.79492950	0.00080327
6.80685043	0.00098484
6.81877136	0.00110757
6.83069229	0.00158467
6.84261322	0.00244630
6.85453415	0.00269950
6.86645508	0.00274842
6.87837601	0.00259837
6.89029694	0.00171214
6.90221786	0.00090869
6.91413879	0.00051816
6.92605972	0.00045954
6.93798065	0.00188096
6.94990158	0.00351919
6.96182251	0.02127281
6.97374344	0.08524770
6.98566437	0.14324310
6.99758530	0.15436170
7.00950623	0.15289110
7.02142715	0.11682190
7.03334808	0.04569476
7.04526901	0.00706425
7.05718994	0.00211624
7.06911087	0.00217684
7.08103180	0.00240511
7.09295273	0.00213909
7.10487366	0.00172931
7.11679459	0.00157882
7.12871552	0.00146205
7.14063644	0.00130094
7.15255737	0.00143708
7.16447830	0.00143566
7.17639923	0.00146276
7.18832016	0.00132560
7.20024109	0.00088891
7.21216202	0.00126539
7.22408295	0.00216315
7.23600388	0.00242888
7.24792480	0.00233934
7.25984573	0.00197310
7.27176666	0.00132035
7.28368759	0.00218591
7.29560852	0.00370020
7.30752945	0.00411525
7.31945038	0.00758784
7.33137131	0.01166409
7.34329224	0.01297181
7.35521317	0.01369929
7.36713409	0.01098092
7.37905502	0.00524710
7.39097595	0.00247536
7.40289688	0.00162361
7.41481781	0.00104782
7.42673874	0.00123131
7.43865967	0.00143881
7.45058060	0.00140189
7.46250153	0.00171493
7.47442245	0.00150193
7.48634338	0.00111267
7.49826431	0.00090784
7.51018524	0.00052951
7.52210617	0.00054069
7.53402710	0.00063114
7.54594803	0.00062434
7.55786896	0.00142672
7.56978989	0.00246262
7.58171082	0.00286341
7.59363174	0.00341717
7.60555267	0.00374990
7.61747360	0.00333656
7.62939453	0.00312717
7.64131546	0.00240047
7.65323639	0.00068001
7.66515732	0.00315384
7.67707825	0.00505837
7.68899918	0.00561701
7.70092010	0.00588489
7.71284103	0.00460560
7.72476196	0.00256034
7.73668289	0.00214153
7.74860382	0.00165672
7.76052475	0.00106944
7.77244568	0.00068930
7.78436661	0.00054817
7.79628754	0.00085452
7.80820847	0.00117481
7.82012939	0.00095922
7.83205032	0.00069190
7.84397125	0.00097867
7.85589218	0.00104019
7.86781311	0.00118190
7.87973404	0.00125509
7.89165497	0.00095134
7.90357590	0.00098336
7.91549683	0.00124076
7.92741776	0.00136608
7.93933868	0.00255771
7.95125961	0.00387648
7.96318054	0.01708417
7.97510147	0.05958871
7.98702240	0.09325132
7.99894333	0.09843000
8.01086426	0.09619906
8.02278519	0.06877946
8.03470612	0.02388037
8.04662704	0.00388348
8.05854797	0.00257872
8.07046890	0.00242511
8.08238983	0.00275111
8.09431076	0.00233621
8.10623169	0.00185199
8.11815262	0.00164870
8.13007355	0.00124223
8.14199448	0.00116364
8.15391541	0.00143055
8.16583633	0.00159054
8.17775726	0.00219209
8.18967819	0.00292015
8.20159912	0.00290826
8.21352005	0.00268794
8.22544098	0.00229010
8.23736191	0.00169339
8.24928284	0.00154764
8.26120377	0.00124058
8.27312469	0.00130427
8.28504562	0.00328493
8.29696655	0.00501233
8.30888748	0.00475235
8.32080841	0.00719878
8.33272934	0.01034003
8.34465027	0.01139568
8.35657120	0.01184129
8.36849213	0.00860328
8.38041306	0.00348593
8.39233398	0.00138513
8.40425491	0.00092421
8.41617584	0.00126995
8.42809677	0.00193082
8.44001770	0.00212278
8.45193863	0.00229112
8.46385956	0.00272725
8.47578049	0.00238873
8.48770142	0.00202790
8.49962234	0.00172409
8.51154327	0.00115826
8.52346420	0.00112453
8.53538513	0.00147950
8.54730606	0.00155859
8.55922699	0.00199273
8.57114792	0.00233595
8.58306885	0.00201269
8.59498978	0.00212227
8.60691071	0.00235317
8.61883163	0.00211295
8.63075256	0.00263659
8.64267349	0.00357729
8.65459442	0.00313317
8.66651535	0.00402543
8.67843628	0.00533652
8.69035721	0.00596251
8.70227814	0.00654135
8.71419907	0.00525529
8.72612000	0.00322757
8.73804092	0.00261076
8.74996185	0.00160723
8.76188278	0.00049178
8.77380371	0.00044433
8.78572464	0.00086921
8.79764557	0.00136310
8.80956650	0.00187445
8.82148743	0.00189828
8.83340836	0.00184195
8.84532928	0.00169754
8.85725021	0.00097063
8.86917114	0.00044140
8.88109207	0.00075800
8.89301300	0.00128977
8.90493393	0.00168695
8.91685486	0.00235528
8.92877579	0.00252654
8.94069672	0.00385567
8.95261765	0.00510505
8.96453857	0.01027688
8.97645950	0.02980587
8.98838043	0.04372060
9.00030136	0.04554931
9.01222229	0.04398004
9.02414322	0.02928373
9.03606415	0.00902005
9.04798508	0.00281880
9.05990601	0.00218492
9.07182693	0.00134603
9.08374786	0.00167296
9.09566879	0.00146961
9.10758972	0.00126285
9.11951065	0.00116091
9.13143158	0.00068736
9.14335251	0.00067658
9.15527344	0.00104686
9.16719437	0.00110193
9.17911530	0.00108695
9.19103622	0.00158942
9.20295715	0.00167292
9.21487808	0.00180878
9.22679901	0.00176945
9.23871994	0.00122929
9.25064087	0.00113353
9.26256180	0.00158640
9.27448273	0.00290495
9.28640366	0.00605106
9.29832458	0.00819619
9.31024551	0.00792304
9.32216644	0.00884029
9.33408737	0.00978548
9.34600830	0.00965274
9.35792923	0.00944779
9.36985016	0.00633989
9.38177109	0.00271180
9.39369202	0.00159567
9.40561295	0.00131695
9.41753387	0.00147183
9.42945480	0.00196856
9.44137573	0.00178738
9.45329666	0.00154432
9.46521759	0.00154725
9.47713852	0.00103204
9.48905945	0.00057967
9.50098038	0.00066656
9.51290131	0.00093902
9.52482224	0.00133449
9.53674316	0.00174154
9.54866409	0.00196162
9.56058502	0.00242111
9.57250595	0.00265350
9.58442688	0.00224591
9.59634781	0.00201053
9.60826874	0.00168467
9.62018967	0.00224432
9.63211060	0.00580849
9.64403152	0.00830071
9.65595245	0.00847057
9.66787338	0.00842647
9.67979431	0.00700088
9.69171524	0.00631552
9.70363617	0.00653184
9.71555710	0.00482655
9.72747803	0.00295752
9.73939896	0.00252959
9.75131989	0.00185981
9.76324081	0.00139667
9.77516174	0.00138117
9.78708267	0.00139620
9.79900360	0.00184508
9.81092453	0.00224636
9.82284546	0.00214448
9.83476639	0.00204399
9.84668732	0.00166379
9.85860825	0.00090795
9.87052917	0.00073416
9.88245010	0.00088268
9.89437103	0.00090178
9.90629196	0.00161099
9.91821289	0.00256834
9.93013382	0.00332088
9.94205475	0.00474641
9.95397568	0.00524025
9.96589661	0.00449649
9.97781754	0.00375399
9.98973846	0.00216493
10.00165939	0.00091163
10.01358032	0.00283016
10.02550125	0.00370252
10.03742218	0.00395450
10.04934311	0.00419826
10.06126404	0.00334466
10.07318497	0.00252428
10.08510590	0.00260290
10.09702682	0.00194925
10.10894775	0.00143089
10.12086868	0.00132990
10.13278961	0.00110117
10.14471054	0.00152425
10.15663147	0.00230314
10.16855240	0.00249319
10.18047333	0.00237534
10.19239426	0.00205514
10.20431519	0.00143225
10.21623611	0.00103264
10.22815704	0.00074641
10.24007797	0.00056827
10.25199890	0.00128892
10.26391983	0.00219358
10.27584076	0.00345956
10.28776169	0.00621102
10.29968262	0.00732157
10.31160355	0.00668578
10.32352448	0.00721822
10.33544540	0.00731225
10.34736633	0.00721127
10.35928726	0.00665799
10.37120819	0.00380189
10.38312912	0.00156754
10.39505005	0.00173656
10.40697098	0.00200076
10.41889191	0.00234433
10.43081284	0.00259581
10.44273376	0.00204622
10.45465469	0.00162518
10.46657562	0.00135513
10.47849655	0.00079024
10.49041748	0.00052970
10.50233841	0.00065806
10.51425934	0.00101410
10.52618027	0.00172681
10.53810120	0.00185779
10.55002213	0.00138384
10.56194305	0.00148425
10.57386398	0.00154475
10.58578491	0.00123570
10.59770584	0.00105659
10.60962677	0.00081765
10.62154770	0.00296415
10.63346863	0.00830445
10.64538956	0.01124796
10.65731049	0.01124356
10.66923141	0.01089743
10.68115234	0.00814745
10.69307327	0.00664872
10.70499420	0.00661034
10.71691513	0.00444063
10.72883606	0.00228700
10.74075699	0.00135727
10.75267792	0.00075687
10.76459885	0.00096222
10.77651978	0.00158150
10.78844070	0.00179991
10.80036163	0.00217271
10.81228256	0.00260965
10.82420349	0.00229262
10.83612442	0.00194776
10.84804535	0.00144872
10.85996628	0.00072593
10.87188721	0.00080175
10.88380814	0.00108572
10.89572906	0.00103864
10.90764999	0.00160299
10.91957092	0.00217995
10.93149185	0.00273926
10.94341278	0.00360805
10.95533371	0.00371636
10.96725464	0.01201395
10.97917557	0.02919023
10.99109650	0.03735111
11.00301743	0.03794298
11.01493835	0.03580139
11.02685928	0.02168224
11.03878021	0.00639290
11.05070114	0.00321099
11.06262207	0.00237639
11.07454300	0.00190911
11.08646393	0.00183531
11.09838486	0.00118577
11.11030579	0.00078522
11.12222672	0.00088004
11.13414764	0.00104567
11.14606857	0.00151663
11.15798950	0.00208397
11.16991043	0.00231636
11.18183136	0.00254996
11.19375229	0.00243458
11.20567322	0.00186523
11.21759415	0.00166492
11.22951508	0.00146339
11.24143600	0.00133798
11.25335693	0.00207904
11.26527786	0.00271058
11.27719879	0.00362590
11.28911972	0.00615516
11.30104065	0.00715927
11.31296158	0.00677463
11.32488251	0.00636011
11.33680344	0.00441471
11.34872437	0.00286007
11.36064529	0.00270354
11.37256622	0.00189771
11.38448715	0.00205933
11.39640808	0.00228973
11.40832901	0.00190146
11.42024994	0.00204847
11.43217087	0.00251416
11.44409180	0.00218238
11.45601273	0.00180506
11.46793365	0.00139657
11.47985458	0.00093840
11.49177551	0.00095338
11.50369644	0.00137366
11.51561737	0.00165677
11.52753830	0.00203078
11.53945923	0.00219768
11.55138016	0.00209882
11.56330109	0.00231148
11.57522202	0.00203297
11.58714294	0.00123084
11.59906387	0.00097598
11.61098480	0.00152566
11.62290573	0.00500687
11.63482666	0.01165282
11.64674759	0.01447028
11.65866852	0.01387943
11.67058945	0.01224735
11.68251038	0.00723281
11.69443130	0.00467091
11.70635223	0.00455961
11.71827316	0.00268206
11.73019409	0.00137747
11.74211502	0.00171797
11.75403595	0.00218236
11.76595688	0.00270725
11.77787781	0.00307785
11.78979874	0.00286987
11.80171967	0.00266189
11.81364059	0.00228297
11.82556152	0.00160413
11.83748245	0.00146694
11.84940338	0.00156781
11.86132431	0.00163315
11.87324524	0.00189381
11.88516617	0.00199640
11.89708710	0.00189815
11.90900803	0.00251906
11.92092896	0.00264073
11.93284988	0.00257173
11.94477081	0.00274097
11.95669174	0.00408242
11.96861267	0.02352471
11.98053360	0.05346641
11.99245453	0.06554643
12.00437546	0.06605852
12.01629639	0.06009629
12.02821732	0.03345472
12.04013824	0.00876210
12.05205917	0.00432479
12.06398010	0.00302392
12.07590103	0.00187494
12.08782196	0.00144832
12.09974289	0.00087509
12.11166382	0.00092199
12.12358475	0.00126466
12.13550568	0.00123652
12.14742661	0.00108039
12.15934753	0.00079774
12.17126846	0.00103727
12.18318939	0.00169165
12.19511032	0.00178272
12.20703125	0.00145795
12.21895218	0.00107564
12.23087311	0.00102844
12.24279404	0.00159129
12.25471497	0.00282736
12.26663589	0.00329944
12.27855682	0.00387864
12.29047775	0.00567664
12.30239868	0.00586066
12.31431961	0.00519039
12.32624054	0.00460618
12.33816147	0.00251083
12.35008240	0.00096193
12.36200333	0.00224656
12.37392426	0.00254019
12.38584518	0.00273576
12.39776611	0.00294241
12.40968704	0.00242747
12.42160797	0.00242954
12.43352890	0.00235607
12.44544983	0.00171530
12.45737076	0.00108921
12.46929169	0.00061721
12.48121262	0.00070310
12.49313354	0.00084137
12.50505447	0.00077643
12.51697540	0.00066328
12.52889633	0.00141884
12.54081726	0.00183774
12.55273819	0.00164948
12.56465912	0.00161666
12.57658005	0.00137650
12.58850098	0.00116940
12.60042191	0.00165906
12.61234283	0.00266613
12.62426376	0.00719675
12.63618469	0.01403979
12.64810562	0.01613900
12.66002655	0.01557410
12.67194748	0.01348974
12.68386841	0.00717141
12.69578934	0.00394575
12.70771027	0.00361429
12.71963120	0.00215759
12.73155212	0.00189484
12.74347305	0.00215206
12.75539398	0.00203589
12.76731491	0.00224684
12.77923584	0.00212427
12.79115677	0.00125374
12.80307770	0.00065829
12.81499863	0.00013351
12.82691956	0.00073333
12.83884048	0.00101410
12.85076141	0.00088212
12.86268234	0.00046135
12.87460327	0.00086587
12.88652420	0.00138599
12.89844513	0.00167948
12.91036606	0.00234052
12.92228699	0.00217053
12.93420792	0.00181415
12.94612885	0.00133233
12.95804977	0.00554998
12.96997070	0.03383421
12.98189163	0.07083888
12.99381256	0.08334639
13.00573349	0.08389165
13.01765442	0.07357967
13.02957535	0.03785471
13.04149628	0.00910209
13.05341721	0.00318423
13.06533813	0.00135174
13.07725906	0.00072940
13.08917999	0.00078931
13.10110092	0.00063153
13.11302185	0.00121282
13.12494278	0.00188646
13.13686371	0.00197245
13.14878464	0.00205842
13.16070557	0.00165019
13.17262650	0.00067440
13.18454742	0.00037691
13.19646835	0.00026785
13.20838928	0.00041627
13.22031021	0.00123295
13.23223114	0.00195476
13.24415207	0.00259088
13.25607300	0.00336383
13.26799393	0.00330170
13.27991486	0.00361940
13.29183578	0.00493832
13.30375671	0.00499321
13.31567764	0.00497470
13.32759857	0.00533399
13.33951950	0.00437142
13.35144043	0.00417283
13.36336136	0.00467875
13.37528229	0.00377179
13.38720322	0.00353753
13.39912415	0.00386585
13.41104507	0.00304990
13.42296600	0.00247914
13.43488693	0.00199662
13.44680786	0.00109113
13.45872879	0.00065796
13.47064972	0.00050671
13.48257065	0.00051801
13.49449158	0.00103160
13.50641251	0.00129623
13.51833344	0.00134248
13.53025436	0.00158804
13.54217529	0.00153086
13.55409622	0.00142438
13.56601715	0.00139006
13.57793808	0.00113907
13.58985901	0.00142303
13.60177994	0.00260894
13.61370087	0.00378890
13.62562180	0.00821873
13.63754272	0.01431577
13.64946365	0.01556628
13.66138458	0.01481148
13.67330551	0.01242808
13.68522644	0.00593523
13.69714737	0.00149827
13.70906830	0.00135137
13.72098923	0.00115448
13.73291016	0.00171387
13.74483109	0.00217377
13.75675201	0.00203882
13.76867294	0.00199994
13.78059387	0.00166842
13.79251480	0.00114480
13.80443573	0.00099707
13.81635666	0.00052744
13.82827759	0.00017304
13.84019852	0.00067613
13.85211945	0.00100571
13.86404037	0.00126417
13.87596130	0.00196947
13.88788223	0.00212390
13.89980316	0.00192953
13.91172409	0.00213097
13.92364502	0.00180776
13.93556595	0.00142205
13.94748688	0.00114709
13.95940781	0.00774674
13.97132874	0.04127849
13.98324966	0.08018401
13.99517059	0.09128627
14.00709152	0.09189268
14.01901245	0.07741831
14.03093338	0.03632841
14.04285431	0.00792745
14.05477524	0.00331344
14.06669617	0.00168668
14.07861710	0.00090512
14.09053802	0.00103424
14.10245895	0.00113916
14.11437988	0.00135008
14.12630081	0.00150265
14.13822174	0.00157303
14.15014267	0.00187501
14.16206360	0.00173410
14.17398453	0.00137938
14.18590546	0.00139349
14.19782639	0.00134919
14.20974731	0.00158996
14.22166824	0.00208012
14.23358917	0.00206661
14.24551010	0.00234683
14.25743103	0.00336549
14.26935196	0.00354796
14.28127289	0.00351969
14.29319382	0.00336556
14.30511475	0.00241447
14.31703568	0.00403401
14.32895660	0.00644149
14.34087753	0.00657149
14.35279846	0.00697183
14.36471939	0.00674737
14.37664032	0.00463738
14.38856125	0.00438377
14.40048218	0.00396629
14.41240311	0.00259123
14.42432404	0.00179347
14.43624496	0.00100935
14.44816589	0.00032651
14.46008682	0.00054320
14.47200775	0.00099475
14.48392868	0.00133149
14.49584961	0.00169432
14.50777054	0.00148546
14.51969147	0.00124573
14.53161240	0.00142616
14.54353333	0.00113160
14.55545425	0.00061394
14.56737518	0.00026957
14.57929611	0.00082592
14.59121704	0.00166436
14.60313797	0.00310795
14.61505890	0.00418897
14.62697983	0.00819366
14.63890076	0.01313568
14.65082169	0.01380081
14.66274261	0.01325915
14.67466354	0.01082269
14.68658447	0.00460667
14.69850540	0.00041494
14.71042633	0.00215809
14.72234726	0.00275635
14.73426819	0.00323533
14.74618912	0.00310685
14.75811005	0.00224244
14.77003098	0.00194486
14.78195190	0.00151517
14.79387283	0.00093506
14.80579376	0.00091687
14.81771469	0.00088027
14.82963562	0.00094597
14.84155655	0.00149659
14.85347748	0.00187514
14.86539841	0.00215220
14.87731934	0.00253473
14.88924026	0.00240852
14.90116119	0.00223910
14.91308212	0.00212472
14.92500305	0.00145952
14.93692398	0.00147749
14.94884491	0.00214258
14.96076584	0.00996089
14.97268677	0.04486626
14.98460770	0.08044580
14.99652863	0.08879997
15.00844955	0.08876044
15.02037048	0.07110838
15.03229141	0.03039692
15.04421234	0.00598952
15.05613327	0.00231509
15.06805420	0.00136790
15.07997513	0.00173550
15.09189606	0.00208169
15.10381699	0.00218556
15.11573792	0.00229367
15.12765884	0.00176994
15.13957977	0.00095488
15.15150070	0.00087255
15.16342163	0.00067606
15.17534256	0.00034414
15.18726349	0.00014369
15.19918442	0.00052748
15.21110535	0.00097725
15.22302628	0.00182516
15.23494720	0.00222953
15.24686813	0.00243695
15.25878906	0.00280151
15.27070999	0.00241121
15.28263092	0.00216042
15.29455185	0.00196611
15.30647278	0.00016738
15.31839371	0.00446696
15.33031464	0.00817831
15.34223557	0.00914407
15.35415649	0.00988034
15.36607742	0.00857032
15.37799835	0.00513949
15.38991928	0.00415244
15.40184021	0.00341117
15.41376114	0.00213608
15.42568207	0.00169780
15.43760300	0.00156885
15.44952393	0.00149510
15.46144485	0.00178116
15.47336578	0.00196922
15.48528671	0.00226226
15.49720764	0.00259913
15.50912857	0.00238795
15.52104950	0.00194630
15.53297043	0.00132557
15.54489136	0.00070253
15.55681229	0.00074877
15.56873322	0.00119849
15.58065414	0.00151826
15.59257507	0.00264983
15.60449600	0.00392595
15.61641693	0.00419340
15.62833786	0.00681758
15.64025879	0.00982610
15.65217972	0.00973316
15.66410065	0.00963893
15.67602158	0.00812802
15.68794250	0.00408318
15.69986343	0.00271948
15.71178436	0.00286442
15.72370529	0.00230717
15.73562622	0.00246561
15.74754715	0.00235210
15.75946808	0.00167064
15.77138901	0.00142575
15.78330994	0.00087954
15.79523087	0.00030870
15.80715179	0.00033365
15.81907272	0.00048799
15.83099365	0.00079261
15.84291458	0.00141943
15.85483551	0.00149347
15.86675644	0.00144978
15.87867737	0.00143840
15.89059830	0.00095588
15.90251923	0.00092847
15.91444016	0.00097905
15.92636108	0.00100986
15.93828201	0.00260380
15.95020294	0.00411757
15.96212387	0.01120071
15.97404480	0.04401574
15.98596573	0.07342525
15.99788666	0.07913573
16.00980759	0.07871100
16.02172852	0.05985793
16.03364944	0.02339879
16.04557037	0.00456393
16.05749130	0.00227264
16.06941223	0.00234340
16.08133316	0.00296126
16.09325409	0.00302724
16.10517502	0.00245238
16.11709595	0.00213238
16.12901688	0.00171429
16.14093781	0.00117113
16.15285873	0.00092256
16.16477966	0.00054618
16.17670059	0.00059025
16.18862152	0.00108458
16.20054245	0.00125418
16.21246338	0.00134029
16.22438431	0.00169765
16.23630524	0.00158318
16.24822617	0.00216404
16.26014709	0.00252031
16.27206802	0.00189290
16.28398895	0.00132931
16.29590988	0.00159112
16.30783081	0.00214928
16.31975174	0.00643783
16.33167267	0.01013798
16.34359360	0.01123086
16.35551453	0.01188839
16.36743546	0.00970121
16.37935638	0.00522356
16.39127731	0.00365794
16.40319824	0.00277219
16.41511917	0.00150886
16.42704010	0.00085605
16.43896103	0.00086439
16.45088196	0.00134309
16.46280289	0.00178553
16.47472382	0.00174630
16.48664474	0.00167004
16.49856567	0.00182603
16.51048660	0.00136500
16.52240753	0.00085021
16.53432846	0.00070423
16.54624939	0.00063400
16.55817032	0.00107262
16.57009125	0.00189271
16.58201218	0.00240619
16.59393311	0.00311868
16.60585403	0.00357851
16.61777496	0.00315908
16.62969589	0.00427924
16.64161682	0.00551268
16.65353775	0.00524077
16.66545868	0.00570538
16.67737961	0.00533004
16.68930054	0.00401391
16.70122147	0.00423847
16.71314240	0.00371910
16.72506332	0.00251868
16.73698425	0.00254450
16.74890518	0.00222487
16.76082611	0.00171466
16.77274704	0.00125440
16.78466797	0.00050425
16.79658890	0.00046179
16.80850983	0.00097091
16.82043076	0.00121715
16.83235168	0.00163255
16.84427261	0.00207056
16.85619354	0.00182932
16.86811447	0.00180296
16.88003540	0.00191651
16.89195633	0.00158325
16.90387726	0.00148617
16.91579819	0.00169453
16.92771912	0.00214376
16.93964005	0.00378913
16.95156097	0.00499387
16.96348190	0.01138553
16.97540283	0.03846228
16.98732376	0.05976022
16.99924469	0.06300679
17.01116562	0.06170708
17.02308655	0.04386620
17.03500748	0.01508068
17.04692841	0.00206502
17.05884933	0.00141325
17.07077026	0.00178342
17.08269119	0.00201462
17.09461212	0.00194755
17.10653305	0.00196602
17.11845398	0.00242351
17.13037491	0.00209284
17.14229584	0.00131440
17.15421677	0.00077204
17.16613770	0.00036761
17.17805862	0.00054226
17.18997955	0.00077330
17.20190048	0.00092402
17.21382141	0.00145596
17.22574234	0.00198491
17.23766327	0.00178046
17.24958420	0.00151421
17.26150513	0.00120815
17.27342606	0.00085359
17.28534698	0.00207520
17.29726791	0.00346007
17.30918884	0.00420941
17.32110977	0.00785581
17.33303070	0.01096924
17.34495163	0.01170290
17.35687256	0.01182577
17.36879349	0.00859299
17.38071442	0.00376951
17.39263535	0.00208272
17.40455627	0.00159561
17.41647720	0.00162452
17.42839813	0.00216978
17.44031906	0.00219205
17.45223999	0.00190705
17.46416092	0.00207686
17.47608185	0.00204288
17.48800278	0.00206603
17.49992371	0.00196151
17.51184464	0.00152082
17.52376556	0.00133026
17.53568649	0.00144964
17.54760742	0.00169219
17.55952835	0.00241814
17.57144928	0.00304923
17.58337021	0.00306351
17.59529114	0.00373781
17.60721207	0.00415694
17.61913300	0.00351869
17.63105392	0.00297134
17.64297485	0.00194973
17.65489578	0.00118424
17.66681671	0.00355694
17.67873764	0.00478736
17.69065857	0.00495494
17.70257950	0.00541304
17.71450043	0.00451481
17.72642136	0.00309802
17.73834229	0.00272153
17.75026321	0.00173760
17.76218414	0.00088078
17.77410507	0.00098110
17.78602600	0.00118833
17.79794693	0.00157261
17.80986786	0.00221636
17.82178879	0.00239416
17.83370972	0.00254183
17.84563065	0.00264259
17.85755157	0.00213012
17.86947250	0.00156938
17.88139343	0.00107340
17.89331436	0.00071103
17.90523529	0.00107881
17.91715622	0.00175262
17.92907715	0.00234013
17.94099808	0.00406929
17.95291901	0.00548655
17.96483994	0.00979992
17.97676086	0.02797059
17.98868179	0.04107962
18.00060272	0.04302058
18.01252365	0.04161049
18.02444458	0.02774541
18.03636551	0.00857613
18.04828644	0.00190891
18.06020737	0.00173476
18.07212830	0.00187698
18.08404922	0.00236694
18.09597015	0.00212150
18.10789108	0.00179121
18.11981201	0.00147014
18.13173294	0.00072697
18.14365387	0.00046236
18.15557480	0.00079779
18.16749573	0.00146129
18.17941666	0.00254705
18.19133759	0.00339414
18.20325851	0.00360879
18.21517944	0.00380957
18.22710037	0.00364555
18.23902130	0.00295190
18.25094223	0.00236875
18.26286316	0.00181481
18.27478409	0.00227656
18.28670502	0.00462867
18.29862595	0.00614137
18.31054688	0.00579288
18.32246780	0.00793068
18.33438873	0.01032577
18.34630966	0.01105245
18.35823059	0.01102621
18.37015152	0.00751957
18.38207245	0.00296818
18.39399338	0.00138116
18.40591431	0.00141854
18.41783524	0.00165471
18.42975616	0.00176715
18.44167709	0.00152834
18.45359802	0.00147641
18.46551895	0.00183143
18.47743988	0.00165812
18.48936081	0.00142331
18.50128174	0.00125065
18.51320267	0.00076008
18.52512360	0.00077538
18.53704453	0.00121032
18.54896545	0.00163662
18.56088638	0.00245729
18.57280731	0.00290845
18.58472824	0.00266550
18.59664917	0.00277071
18.60857010	0.00255085
18.62049103	0.00212172
18.63241196	0.00375979
18.64433289	0.00507738
18.65625381	0.00489431
18.66817474	0.00566747
18.68009567	0.00589827
18.69201660	0.00620728
18.70393753	0.00651698
18.71585846	0.00477409
18.72777939	0.00292069
18.73970032	0.00234083
18.75162125	0.00154747
18.76354218	0.00096706
18.77546310	0.00084458
18.78738403	0.00070161
18.79930496	0.00092766
18.81122589	0.00133467
18.82314682	0.00135101
18.83506775	0.00140237
18.84698868	0.00139240
18.85890961	0.00090217
18.87083054	0.00067398
18.88275146	0.00067177
18.89467239	0.00080487
18.90659332	0.00151618
18.91851425	0.00205453
18.93043518	0.00246495
18.94235611	0.00423549
18.95427704	0.00535141
18.96619797	0.00719377
18.97811890	0.01581079
18.99003983	0.02142850
19.00196075	0.02186028
19.01388168	0.02036901
19.02580261	0.01247023
19.03772354	0.00409891
19.04964447	0.00312454
19.06156540	0.00260121
19.07348633	0.00242881
19.08540726	0.00268692
19.09732819	0.00217526
19.10924911	0.00177993
19.12117004	0.00152267
19.13309097	0.00113700
19.14501190	0.00131036
19.15693283	0.00153979
19.16885376	0.00122708
19.18077469	0.00119727
19.19269562	0.00135035
19.20461655	0.00138997
19.21653748	0.00169370
19.22845840	0.00167957
19.24037933	0.00147755
19.25230026	0.00173439
19.26422119	0.00229831
19.27614212	0.00372688
19.28806305	0.00667890
19.29998398	0.00813436
19.31190491	0.00769728
19.32382584	0.00839660
19.33574677	0.00853179
19.34766769	0.00816898
19.35958862	0.00774731
19.37150955	0.00471385
19.38343048	0.00171846
19.39535141	0.00129652
19.40727234	0.00163711
19.41919327	0.00199920
19.43111420	0.00230326
19.44303513	0.00184441
19.45495605	0.00178711
19.46687698	0.00176927
19.47879791	0.00109406
19.49071884	0.00067971
19.50263977	0.00065528
19.51456070	0.00093211
19.52648163	0.00162307
19.53840256	0.00216648
19.55032349	0.00228815
19.56224442	0.00260187
19.57416534	0.00268815
19.58608627	0.00249826
19.59800720	0.00252968
19.60992813	0.00213611
19.62184906	0.00332501
19.63376999	0.00751765
19.64569092	0.00981265
19.65761185	0.00973046
19.66953278	0.00933972
19.68145370	0.00713455
19.69337463	0.00615723
19.70529556	0.00633131
19.71721649	0.00459012
19.72913742	0.00280095
19.74105835	0.00221207
19.75297928	0.00153635
19.76490021	0.00129928
19.77682114	0.00152246
19.78874207	0.00158759
19.80066299	0.00166540
19.81258392	0.00150737
19.82450485	0.00084214
19.83642578	0.00039947
19.84834671	0.00020306
19.86026764	0.00015816
19.87218857	0.00014741
19.88410950	0.00074924
19.89603043	0.00136403
19.90795135	0.00261690
19.91987228	0.00345315
19.93179321	0.00365353
19.94371414	0.00458569
19.95563507	0.00483085
19.96755600	0.00436883
19.97947693	0.00408273
19.99139786	0.00258635
20.00331879	0.00004334
20.01523972	0.00205130
20.02716064	0.00289630
20.03908157	0.00346638
20.05100250	0.00376974
20.06292343	0.00291028
20.07484436	0.00213042
20.08676529	0.00163520
20.09868622	0.00095347
20.11060715	0.00090478
20.12252808	0.00103700
20.13444901	0.00112455
20.14636993	0.00167107
20.15829086	0.00208565
20.17021179	0.00214560
20.18213272	0.00252128
20.19405365	0.00246767
20.20597458	0.00176652
20.21789551	0.00115099
20.22981644	0.00090123
20.24173737	0.00146597
20.25365829	0.00201486
20.26557922	0.00236038
20.27750015	0.00329427
20.28942108	0.00650994
20.30134201	0.00805149
20.31326294	0.00769213
20.32518387	0.00758936
20.33710480	0.00657475
20.34902573	0.00616696
20.36094666	0.00563354
20.37286758	0.00292093
20.38478851	0.00098522
20.39670944	0.00118888
20.40863037	0.00154967
20.42055130	0.00212419
20.43247223	0.00239225
20.44439316	0.00185745
20.45631409	0.00126143
20.46823502	0.00076494
20.48015594	0.00044613
20.49207687	0.00064356
20.50399780	0.00070940
20.51591873	0.00061074
20.52783966	0.00076708
20.53976059	0.00137383
20.55168152	0.00152100
20.56360245	0.00194215
20.57552338	0.00178107
20.58744431	0.00121103
20.59936523	0.00103211
20.61128616	0.00068786
20.62320709	0.00326581
20.63512802	0.00963274
20.64704895	0.01254168
20.65896988	0.01238559
20.67089081	0.01113689
20.68281174	0.00690926
20.69473267	0.00561197
20.70665359	0.00558900
20.71857452	0.00336804
20.73049545	0.00168041
20.74241638	0.00145800
20.75433731	0.00146297
20.76625824	0.00181933
20.77817917	0.00216201
20.79010010	0.00202102
20.80202103	0.00207596
20.81394196	0.00196889
20.82586288	0.00142897
20.83778381	0.00127457
20.84970474	0.00101504
20.86162567	0.00060020
20.87354660	0.00112293
20.88546753	0.00178134
20.89738846	0.00210544
20.90930939	0.00273883
20.92123032	0.00295167
20.93315125	0.00306902
20.94507217	0.00355196
20.95699310	0.00299800
20.96891403	0.00689283
20.98083496	0.01545811
20.99275589	0.01876439
21.00467682	0.01914202
21.01659775	0.01802562
21.02851868	0.01074084
21.04043961	0.00466287
21.05236053	0.00389420
21.06428146	0.00268979
21.07620239	0.00204115
21.08812332	0.00189822
21.10004425	0.00121971
21.11196518	0.00092006
21.12388611	0.00127802
21.13580704	0.00146948
21.14772797	0.00173716
21.15964890	0.00198968
21.17156982	0.00184597
21.18349075	0.00188429
21.19541168	0.00164990
21.20733261	0.00094674
21.21925354	0.00055551
21.23117447	0.00028918
21.24309540	0.00037404
21.25501633	0.00140737
21.26693726	0.00232555
21.27885818	0.00404556
21.29077911	0.00695156
21.30270004	0.00745901
21.31462097	0.00629303
21.32654190	0.00515611
21.33846283	0.00322325
21.35038376	0.00328494
21.36230469	0.00330828
21.37422562	0.00191750
21.38614655	0.00145716
21.39806747	0.00160569
21.40998840	0.00138553
21.42190933	0.00156444
21.43383026	0.00175615
21.44575119	0.00134953
21.45767212	0.00097329
21.46959305	0.00071828
21.48151398	0.00062652
21.49343491	0.00112445
21.50535583	0.00163526
21.51727676	0.00177657
21.52919769	0.00193500
21.54111862	0.00190820
21.55303955	0.00159922
21.56496048	0.00155924
21.57688141	0.00121603
21.58880234	0.00086490
21.60072327	0.00134085
21.61264420	0.00252797
21.62456512	0.00748727
21.63648605	0.01497459
21.64840698	0.01742848
21.66032791	0.01676806
21.67224884	0.01440206
21.68416977	0.00794361
21.69609070	0.00492319
21.70801163	0.00434998
21.71993256	0.00229212
21.73185349	0.00092144
21.74377441	0.00084094
21.75569534	0.00104454
21.76761627	0.00153678
21.77953720	0.00178246
21.79145813	0.00163340
21.80337906	0.00191472
21.81529999	0.00186673
21.82722092	0.00141825
21.83914185	0.00129698
21.85106277	0.00129375
21.86298370	0.00121511
21.87490463	0.00131704
21.88682556	0.00127529
21.89874649	0.00177145
21.91066742	0.00280654
21.92258835	0.00270264
21.93450928	0.00203367
21.94643021	0.00145356
21.95835114	0.00265445
21.97027206	0.01553539
21.98219299	0.03147763
21.99411392	0.03651996
22.00603485	0.03692729
22.01795578	0.03262671
22.02987671	0.01708448
22.04179764	0.00603738
22.05371857	0.00479407
22.06563950	0.00334548
22.07756042	0.00228005
22.08948135	0.00147602
22.10140228	0.00048555
22.11332321	0.00062571
22.12524414	0.00085933
22.13716507	0.00091634
22.14908600	0.00123752
22.16100693	0.00143806
22.17292786	0.00126810
22.18484879	0.00102814
22.19676971	0.00070388
22.20869064	0.00053792
22.22061157	0.00065108
22.23253250	0.00096851
22.24445343	0.00175739
22.25637436	0.00291599
22.26829529	0.00321279
22.28021622	0.00396484
22.29213715	0.00602554
22.30405807	0.00626533
22.31597900	0.00575320
22.32789993	0.00488494
22.33982086	0.00201956
22.35174179	0.00131260
22.36366272	0.00307818
22.37558365	0.00362186
22.38750458	0.00406275
22.39942551	0.00401766
22.41134644	0.00306291
22.42326736	0.00260347
22.43518829	0.00218606
22.44710922	0.00132900
22.45903015	0.00085090
22.47095108	0.00090015
22.48287201	0.00085555
22.49479294	0.00090213
22.50671387	0.00113303
22.51863480	0.00181064
22.53055573	0.00243797
22.54247665	0.00218572
22.55439758	0.00158622
22.56631851	0.00104080
22.57823944	0.00039314
22.59016037	0.00056997
22.60208130	0.00182162
22.61400223	0.00323961
22.62592316	0.00873423
22.63784409	0.01624132
22.64976501	0.01820042
22.66168594	0.01761922
22.67360687	0.01482023
22.68552780	0.00754453
22.69744873	0.00412720
22.70936966	0.00375966
22.72129059	0.00228596
22.73321152	0.00168502
22.74513245	0.00179677
22.75705338	0.00171222
22.76897430	0.00190948
22.78089523	0.00198647
22.79281616	0.00169182
22.80473709	0.00146159
22.81665802	0.00110768
22.82857895	0.00060879
22.84049988	0.00069548
22.85242081	0.00095666
22.86434174	0.00139720
22.87626266	0.00207461
22.88818359	0.00235757
22.90010452	0.00259101
22.91202545	0.00284251
22.92394638	0.00228825
22.93586731	0.00159266
22.94778824	0.00075215
22.95970917	0.00442983
22.97163010	0.02226705
22.98355103	0.04199374
22.99547195	0.04730593
23.00739288	0.04776568
23.01931381	0.04040428
23.03123474	0.01935178
23.04315567	0.00533164
23.05507660	0.00274155
23.06699753	0.00110230
23.07891846	0.00056957
23.09083939	0.00076086
23.10276031	0.00103889
23.11468124	0.00137525
23.12660217	0.00154568
23.13852310	0.00157244
23.15044403	0.00192365
23.16236496	0.00176838
23.17428589	0.00136069
23.18620682	0.00132945
23.19812775	0.00097598
23.21004868	0.00073221
23.22196960	0.00102855
23.23389053	0.00161796
23.24581146	0.00256055
23.25773239	0.00372884
23.26965332	0.00393221
23.28157425	0.00427574
23.29349518	0.00515784
23.30541611	0.00472007
23.31733704	0.00480967
23.32925797	0.00499323
23.34117889	0.00356304
23.35309982	0.00332271
23.36502075	0.00363284
23.37694168	0.00317132
23.38886261	0.00378648
23.40078354	0.00360285
23.41270447	0.00226870
23.42462540	0.00156523
23.43654633	0.00090818
23.44846725	0.00087133
23.46038818	0.00070068
23.47230911	0.00035257
23.48423004	0.00075959
23.49615097	0.00170904
23.50807190	0.00213848
23.51999283	0.00220356
23.53191376	0.00253407
23.54383469	0.00225307
23.55575562	0.00155802
23.56767654	0.00107172
23.57959747	0.00093358
23.59151840	0.00160071
23.60343933	0.00255064
23.61536026	0.00359759
23.62728119	0.00932783
23.63920212	0.01601081
23.65112305	0.01714910
23.66304398	0.01648475
23.67496490	0.01330032
23.68688583	0.00567334
23.69880676	0.00072296
23.71072769	0.00107924
23.72264862	0.00112881
23.73456955	0.00153099
23.74649048	0.00180565
23.75841141	0.00186760
23.77033234	0.00218959
23.78225327	0.00190097
23.79417419	0.00130770
23.80609512	0.00114623
23.81801605	0.00095918
23.82993698	0.00084654
23.84185791	0.00119932
23.85377884	0.00161955
23.86569977	0.00215051
23.87762070	0.00270463
23.88954163	0.00252704
23.90146255	0.00214720
23.91338348	0.00212222
23.92530441	0.00154592
23.93722534	0.00105151
23.94914627	0.00096802
23.96106720	0.00635469
23.97298813	0.02782540
23.98490906	0.04906139
23.99682999	0.05402097
24.00875092	0.05420939
24.02067184	0.04348068
24.03259277	0.01902748
24.04451370	0.00495249
24.05643463	0.00265908
24.06835556	0.00122860
24.08027649	0.00087312
24.09219742	0.00098696
24.10411835	0.00119623
24.11603928	0.00161329
24.12796021	0.00169627
24.13988113	0.00153229
24.15180206	0.00162281
24.16372299	0.00149450
24.17564392	0.00122781
24.18756485	0.00120206
24.19948578	0.00107651
24.21140671	0.00136692
24.22332764	0.00203881
24.23524857	0.00227076
24.24716949	0.00290601
24.25909042	0.00371231
24.27101135	0.00355297
24.28293228	0.00363379
24.29485321	0.00370906
24.30677414	0.00295631
24.31869507	0.00434005
24.33061600	0.00628910
24.34253693	0.00642619
24.35445786	0.00682252
24.36637878	0.00623417
24.37829971	0.00398855
24.39022064	0.00317311
24.40214157	0.00245177
24.41406250	0.00134619
24.42598343	0.00100550
24.43790436	0.00061538
24.44982529	0.00035483
24.46174622	0.00061022
24.47366714	0.00053838
24.48558807	0.00083334
24.49750900	0.00138320
24.50942993	0.00113577
24.52135086	0.00086002
24.53327179	0.00077738
24.54519272	0.00036383
24.55711365	0.00039569
24.56903458	0.00073761
24.58095551	0.00095468
24.59287643	0.00186878
24.60479736	0.00295097
24.61671829	0.00429354
24.62863922	0.00996659
24.64056015	0.01529713
24.65248108	0.01568547
24.66440201	0.01496629
24.67632294	0.01142264
24.68824387	0.00411988
24.70016479	0.00079045
24.71208572	0.00205608
24.72400665	0.00244327
24.73592758	0.00291210
24.74784851	0.00273718
24.75976944	0.00193735
24.77169037	0.00170121
24.78361130	0.00116007
24.79553223	0.00035848
24.80745316	0.00022713
24.81937408	0.00038996
24.83129501	0.00066606
24.84321594	0.00112773
24.85513687	0.00127924
24.86705780	0.00143644
24.87897873	0.00173212
24.89089966	0.00145410
24.90282059	0.00130561
24.91474152	0.00114877
24.92666245	0.00067975
24.93858337	0.00131050
24.95050430	0.00240475
24.96242523	0.00790339
24.97434616	0.03006992
24.98626709	0.04924292
24.99818802	0.05256741
25.01010895	0.05210860
25.02202988	0.03935235
25.03395081	0.01521558
25.04587173	0.00338772
25.05779266	0.00184425
25.06971359	0.00121331
25.08163452	0.00166231
25.09355545	0.00204217
25.10547638	0.00239569
25.11739731	0.00299609
25.12931824	0.00279519
25.14123917	0.00214093
25.15316010	0.00158223
25.16508102	0.00065726
25.17700195	0.00048186
25.18892288	0.00031639
25.20084381	0.00011302
25.21276474	0.00098315
25.22468567	0.00179583
25.23660660	0.00170123
25.24852753	0.00183223
25.26044846	0.00232037
25.27236938	0.00230952
25.28429031	0.00242586
25.29621124	0.00201064
25.30813217	0.00065091
25.32005310	0.00473016
25.33197403	0.00772564
25.34389496	0.00843859
25.35581589	0.00907208
25.36773682	0.00744731
25.37965775	0.00424903
25.39157867	0.00348950
25.40349960	0.00274299
25.41542053	0.00170515
25.42734146	0.00152794
25.43926239	0.00153786
25.45118332	0.00160502
25.46310425	0.00200279
25.47502518	0.00198090
25.48694611	0.00178383
25.49886703	0.00189461
25.51078796	0.00160449
25.52270889	0.00133493
25.53462982	0.00112220
25.54655075	0.00067740
25.55847168	0.00085012
25.57039261	0.00133531
25.58231354	0.00152699
25.59423447	0.00251778
25.60615540	0.00357864
25.61807632	0.00416089
25.62999725	0.00797840
25.64191818	0.01115950
25.65383911	0.01104245
25.66576004	0.01087065
25.67768097	0.00843349
25.68960190	0.00366370
25.70152283	0.00232866
25.71344376	0.00223812
25.72536469	0.00158398
25.73728561	0.00190691
25.74920654	0.00183355
25.76112747	0.00146024
25.77304840	0.00169611
25.78496933	0.00142868
25.79689026	0.00092681
25.80881119	0.00088464
25.82073212	0.00121909
25.83265305	0.00151511
25.84457397	0.00176353
25.85649490	0.00152553
25.86841583	0.00149338
25.88033676	0.00170736
25.89225769	0.00140392
25.90417862	0.00107449
25.91609955	0.00090761
25.92802048	0.00106601
25.93994141	0.00220497
25.95186234	0.00329759
25.96378326	0.00907044
25.97570419	0.02990357
25.98762512	0.04590470
25.99954605	0.04838622
26.01146698	0.04758063
26.02338791	0.03391324
26.03530884	0.01205933
26.04722977	0.00243694
26.05915070	0.00110386
26.07107162	0.00106613
26.08299255	0.00143159
26.09491348	0.00140834
26.10683441	0.00145662
26.11875534	0.00179595
26.13067627	0.00153588
26.14259720	0.00125554
26.15451813	0.00109096
26.16643906	0.00071761
26.17835999	0.00096807
26.19028091	0.00136750
26.20220184	0.00143090
26.21412277	0.00189785
26.22604370	0.00253554
26.23796463	0.00240386
26.24988556	0.00256240
26.26180649	0.00248683
26.27372742	0.00167136
26.28564835	0.00160551
26.29756927	0.00194089
26.30949020	0.00224953
26.32141113	0.00629309
26.33333206	0.00900683
26.34525299	0.00967728
26.35717392	0.01002781
26.36909485	0.00757841
26.38101578	0.00407483
26.39293671	0.00323214
26.40485764	0.00230022
26.41677856	0.00116990
26.42869949	0.00100023
26.44062042	0.00109725
26.45254135	0.00115399
26.46446228	0.00124231
26.47638321	0.00099169
26.48830414	0.00100061
26.50022507	0.00134719
26.51214600	0.00122521
26.52406693	0.00111363
26.53598785	0.00102629
26.54790878	0.00091305
26.55982971	0.00151621
26.57175064	0.00253316
26.58367157	0.00309445
26.59559250	0.00389497
26.60751343	0.00401633
26.61943436	0.00332452
26.63135529	0.00477509
26.64327621	0.00594390
26.65519714	0.00571735
26.66711807	0.00628722
26.67903900	0.00564232
26.69095993	0.00386364
26.70288086	0.00399863
26.71480179	0.00371279
26.72672272	0.00293401
26.73864365	0.00286644
26.75056458	0.00206386
26.76248550	0.00109698
26.77440643	0.00082131
26.78632736	0.00059686
26.79824829	0.00073604
26.81016922	0.00113260
26.82209015	0.00133031
26.83401108	0.00135620
26.84593201	0.00151955
26.85785294	0.00132108
26.86977386	0.00138583
26.88169479	0.00138962
26.89361572	0.00075541
26.90553665	0.00046026
26.91745758	0.00078496
26.92937851	0.00129392
26.94129944	0.00276528
26.95322037	0.00403229
26.96514130	0.00898305
26.97706223	0.02654902
26.98898315	0.03861978
27.00090408	0.04059280
27.01282501	0.03940133
27.02474594	0.02641172
27.03666687	0.00878891
27.04858780	0.00210437
27.06050873	0.00171111
27.07242966	0.00192731
27.08435059	0.00230807
27.09627151	0.00201590
27.10819244	0.00186374
27.12011337	0.00219936
27.13203430	0.00183491
27.14395523	0.00139559
27.15587616	0.00111509
27.16779709	0.00092948
27.17971802	0.00140660
27.19163895	0.00203639
27.20355988	0.00228021
27.21548080	0.00263831
27.22740173	0.00273395
27.23932266	0.00222717
27.25124359	0.00224498
27.26316452	0.00213042
27.27508545	0.00198786
27.28700638	0.00341763
27.29892731	0.00461799
27.31084824	0.00474551
27.32276917	0.00766177
27.33469009	0.00988227
27.34661102	0.01038703
27.35853195	0.01040960
27.37045288	0.00708117
27.38237381	0.00305417
27.39429474	0.00204228
27.40621567	0.00170904
27.41813660	0.00175276
27.43005753	0.00197882
27.44197845	0.00165852
27.45389938	0.00146071
27.46582031	0.00156073
27.47774124	0.00155944
27.48966217	0.00181453
27.50158310	0.00199283
27.51350403	0.00182303
27.52542496	0.00175693
27.53734589	0.00196192
27.54926682	0.00201235
27.56118774	0.00233258
27.57310867	0.00253580
27.58502960	0.00236492
27.59695053	0.00315569
27.60887146	0.00379591
27.62079239	0.00366361
27.63271332	0.00354177
27.64463425	0.00241756
27.65655518	0.00059615
27.66847610	0.00316082
27.68039703	0.00452294
27.69231796	0.00511444
27.70423889	0.00554588
27.71615982	0.00454006
27.72808075	0.00349119
27.74000168	0.00299933
27.75192261	0.00168492
27.76384354	0.00052994
27.77576447	0.00029515
27.78768539	0.00038579
27.79960632	0.00073180
27.81152725	0.00129494
27.82344818	0.00145310
27.83536911	0.00182156
27.84729004	0.00218197
27.85921097	0.00185034
27.87113190	0.00158975
27.88305283	0.00139169
27.89497375	0.00119792
27.90689468	0.00147147
27.91881561	0.00199710
27.93073654	0.00265927
27.94265747	0.00443810
27.95457840	0.00532411
27.96649933	0.00785116
27.97842026	0.01948490
27.99034119	0.02682095
28.00226212	0.02809522
28.01418304	0.02690802
28.02610397	0.01695619
28.03802490	0.00565667
28.04994583	0.00245728
28.06186676	0.00230439
28.07378769	0.00264513
28.08570862	0.00298051
28.09762955	0.00240066
28.10955048	0.00180135
28.12147141	0.00150297
28.13339233	0.00100334
28.14531326	0.00075728
28.15723419	0.00085162
28.16915512	0.00098511
28.18107605	0.00120251
28.19299698	0.00131267
28.20491791	0.00155315
28.21683884	0.00211544
28.22875977	0.00236158
28.24068069	0.00221170
28.25260162	0.00199601
28.26452255	0.00163346
28.27644348	0.00234522
28.28836441	0.00492918
28.30028534	0.00644821
28.31220627	0.00661431
28.32412720	0.00868186
28.33604813	0.00965907
28.34796906	0.00959115
28.35988998	0.00900641
28.37181091	0.00541296
28.38373184	0.00174912
28.39565277	0.00078525
28.40757370	0.00096861
28.41949463	0.00123950
28.43141556	0.00151472
28.44333649	0.00166825
28.45525742	0.00197392
28.46717834	0.00218258
28.47909927	0.00186466
28.49102020	0.00153803
28.50294113	0.00117322
28.51486206	0.00051375
28.52678299	0.00039992
28.53870392	0.00061238
28.55062485	0.00075801
28.56254578	0.00157293
28.57446671	0.00219079
28.58638763	0.00250187
28.59830856	0.00341427
28.61022949	0.00362226
28.62215042	0.00318542
28.63407135	0.00469787
28.64599228	0.00585344
28.65791321	0.00564287
28.66983414	0.00584369
28.68175507	0.00540502
28.69367599	0.00573570
28.70559692	0.00608778
28.71751785	0.00441560
28.72943878	0.00308183
28.74135971	0.00278210
28.75328064	0.00192527
28.76520157	0.00127618
28.77712250	0.00133499
28.78904343	0.00148252
28.80096436	0.00168943
28.81288528	0.00156410
28.82480621	0.00103455
28.83672714	0.00104472
28.84864807	0.00110386
28.86056900	0.00099100
28.87248993	0.00120355
28.88441086	0.00144009
28.89633179	0.00170817
28.90825272	0.00248397
28.92017365	0.00298649
28.93209457	0.00336694
28.94401550	0.00496489
28.95593643	0.00570443
28.96785736	0.00631222
28.97977829	0.01100182
28.99169922	0.01362356
29.00362015	0.01379569
29.01554108	0.01262334
29.02746201	0.00714722
29.03938293	0.00277851
29.05130386	0.00268140
29.06322479	0.00212157
29.07514572	0.00188460
29.08706665	0.00233349
29.09898758	0.00228143
29.11090851	0.00190720
29.12282944	0.00128895
29.13475037	0.00079907
29.14667130	0.00103508
29.15859222	0.00102623
29.17051315	0.00105417
29.18243408	0.00179363
29.19435501	0.00236804
29.20627594	0.00251314
29.21819687	0.00258514
29.23011780	0.00214086
29.24203873	0.00143101
29.25395966	0.00127799
29.26588058	0.00160293
29.27780151	0.00344112
29.28972244	0.00697737
29.30164337	0.00847751
29.31356430	0.00814387
29.32548523	0.00863776
29.33740616	0.00844391
29.34932709	0.00879568
29.36124802	0.00857010
29.37316895	0.00528634
29.38508987	0.00216016
29.39701080	0.00142280
29.40893173	0.00134345
29.42085266	0.00146551
29.43277359	0.00158930
29.44469452	0.00144006
29.45661545	0.00164677
29.46853638	0.00183720
29.48045731	0.00156213
29.49237823	0.00151204
29.50429916	0.00155815
29.51622009	0.00148016
29.52814102	0.00179617
29.54006195	0.00212025
29.55198288	0.00217092
29.56390381	0.00262436
29.57582474	0.00278584
29.58774567	0.00247092
29.59966660	0.00234241
29.61158752	0.00195610
29.62350845	0.00338742
29.63542938	0.00834820
29.64735031	0.01084634
29.65927124	0.01139820
29.67119217	0.01124102
29.68311310	0.00799417
29.69503403	0.00634990
29.70695496	0.00603779
29.71887589	0.00377177
29.73079681	0.00193351
29.74271774	0.00124625
29.75463867	0.00035394
29.76655960	0.00027348
29.77848053	0.00082682
29.79040146	0.00126734
29.80232239	0.00180201
29.81424332	0.00212721
29.82616425	0.00178234
29.83808517	0.00162507
29.85000610	0.00138266
29.86192703	0.00083005
29.87384796	0.00076030
29.88576889	0.00107004
29.89768982	0.00135679
29.90961075	0.00170021
29.92153168	0.00169244
29.93345261	0.00200403
29.94537354	0.00372627
29.95729446	0.00429124
29.96921539	0.00405801
29.98113632	0.00350496
29.99305725	0.00176387
30.00497818	0.00191392
30.01689911	0.00350713
30.02882004	0.00385081
30.04074097	0.00378839
30.05266190	0.00366009
30.06458282	0.00262487
30.07650375	0.00206910
30.08842468	0.00185900
30.10034561	0.00093473
30.11226654	0.00035622
30.12418747	0.00034838
30.13610840	0.00050045
30.14802933	0.00091803
30.15995026	0.00137344
30.17187119	0.00156311
30.18379211	0.00204595
30.19571304	0.00228223
30.20763397	0.00205086
30.21955490	0.00207586
30.23147583	0.00188079
30.24339676	0.00174090
30.25531769	0.00234655
30.26723862	0.00285885
30.27915955	0.00455180
30.29108047	0.00779334
30.30300140	0.00870440
30.31492233	0.00800295
30.32684326	0.00744748
30.33876419	0.00614423
30.35068512	0.00607235
30.36260605	0.00561923
30.37452698	0.00313548
30.38644791	0.00135069
30.39836884	0.00139850
30.41028976	0.00177908
30.42221069	0.00249872
30.43413162	0.00281924
30.44605255	0.00223959
30.45797348	0.00175740
30.46989441	0.00099503
30.48181534	0.00006665
30.49373627	0.00048003
30.50565720	0.00081531
30.51757813	0.00088134
30.52949905	0.00098294
30.54141998	0.00128851
30.55334091	0.00131182
30.56526184	0.00178029
30.57718277	0.00178030
30.58910370	0.00144844
30.60102463	0.00166099
30.61294556	0.00254486
30.62486649	0.00737626
30.63678741	0.01456614
30.64870834	0.01684975
30.66062927	0.01614023
30.67255020	0.01385827
30.68447113	0.00772636
30.69639206	0.00503781
30.70831299	0.00449409
30.72023392	0.00230391
30.73215485	0.00090741
30.74407578	0.00085518
30.75599670	0.00119932
30.76791763	0.00182684
30.77983856	0.00221939
30.79175949	0.00201594
30.80368042	0.00185141
30.81560135	0.00149338
30.82752228	0.00099239
30.83944321	0.00089396
30.85136414	0.00064308
30.86328506	0.00061183
30.87520599	0.00124823
30.88712692	0.00180238
30.89904785	0.00215620
30.91096878	0.00275004
30.92288971	0.00280804
30.93481064	0.00320882
30.94673157	0.00407147
30.95865250	0.00385112
30.97057343	0.00703190
30.98249435	0.01245942
30.99441528	0.01375223
31.00633621	0.01391049
31.01825714	0.01289714
31.03017807	0.00753814
31.04209900	0.00421248
31.05401993	0.00389438
31.06594086	0.00278226
31.07786179	0.00260026
31.08978271	0.00248934
31.10170364	0.00176712
31.11362457	0.00139186
31.12554550	0.00132554
31.13746643	0.00129262
31.14938736	0.00154655
31.16130829	0.00150536
31.17322922	0.00137208
31.18515015	0.00172039
31.19707108	0.00157846
31.20899200	0.00117117
31.22091293	0.00108301
31.23283386	0.00093019
31.24475479	0.00123694
31.25667572	0.00224657
31.26859665	0.00287316
31.28051758	0.00455842
31.29243851	0.00742633
31.30435944	0.00809967
31.31628036	0.00778191
31.32820129	0.00694375
31.34012222	0.00453440
31.35204315	0.00311172
31.36396408	0.00238204
31.37588501	0.00129161
31.38780594	0.00171601
31.39972687	0.00212182
31.41164780	0.00175459
31.42356873	0.00191550
31.43548965	0.00196391
31.44741058	0.00184744
31.45933151	0.00177713
31.47125244	0.00135988
31.48317337	0.00092510
31.49509430	0.00114771
31.50701523	0.00166755
31.51893616	0.00184722
31.53085709	0.00212674
31.54277802	0.00214167
31.55469894	0.00208009
31.56661987	0.00228643
31.57854080	0.00193652
31.59046173	0.00141752
31.60238266	0.00135770
31.61430359	0.00248766
31.62622452	0.00864909
31.63814545	0.01662207
31.65006638	0.01879610
31.66198730	0.01815329
31.67390823	0.01493303
31.68582916	0.00754436
31.69775009	0.00483565
31.70967102	0.00406854
31.72159195	0.00188030
31.73351288	0.00077693
31.74543381	0.00090490
31.75735474	0.00126816
31.76927567	0.00200062
31.78119659	0.00228002
31.79311752	0.00190731
31.80503845	0.00191680
31.81695938	0.00170286
31.82888031	0.00114499
31.84080124	0.00060454
31.85272217	0.00004421
31.86464310	0.00041134
31.87656403	0.00103460
31.88848495	0.00150522
31.90040588	0.00213334
31.91232681	0.00295470
31.92424774	0.00286937
31.93616867	0.00287578
31.94808960	0.00297143
31.96001053	0.00275053
31.97193146	0.01147025
31.98385239	0.02160132
31.99577332	0.02431132
32.00769424	0.02498948
32.01961517	0.02163789
32.03153610	0.01106927
32.04345703	0.00488696
32.05537796	0.00389868
32.06729889	0.00234833
32.07921982	0.00147108
32.09114075	0.00071890
32.10306168	0.00044627
32.11498260	0.00100787
32.12690353	0.00149424
32.13882446	0.00163696
32.15074539	0.00213981
32.16266632	0.00219239
32.17458725	0.00190338
32.18650818	0.00195865
32.19842911	0.00148164
32.21035004	0.00097709
32.22227097	0.00120149
32.23419189	0.00157615
32.24611282	0.00223180
32.25803375	0.00326051
32.26995468	0.00350231
32.28187561	0.00482467
32.29379654	0.00700049
32.30571747	0.00704547
32.31763840	0.00660448
32.32955933	0.00541913
32.34148026	0.00231110
32.35340118	0.00054838
32.36532211	0.00177603
32.37724304	0.00215911
32.38916397	0.00259366
32.40108490	0.00272609
32.41300583	0.00218370
32.42492676	0.00223871
32.43684769	0.00211156
32.44876862	0.00160253
32.46068954	0.00133597
32.47261047	0.00122851
32.48453140	0.00146305
32.49645233	0.00178428
32.50837326	0.00161847
32.52029419	0.00150958
32.53221512	0.00178092
32.54413605	0.00163559
32.55605698	0.00141213
32.56797791	0.00099751
32.57989883	0.00030582
32.59181976	0.00069154
32.60374069	0.00141137
32.61566162	0.00277935
32.62758255	0.00994368
32.63950348	0.01804814
32.65142441	0.01959194
32.66334534	0.01899180
32.67526627	0.01537406
32.68718719	0.00712017
32.69910812	0.00398507
32.71102905	0.00340130
32.72294998	0.00219464
32.73487091	0.00213882
32.74679184	0.00253658
32.75871277	0.00267592
32.77063370	0.00305340
32.78255463	0.00291980
32.79447556	0.00247306
32.80639648	0.00225101
32.81831741	0.00178777
32.83023834	0.00135625
32.84215927	0.00128508
32.85408020	0.00122843
32.86600113	0.00144018
32.87792206	0.00182410
32.88984299	0.00185205
32.90176392	0.00222928
32.91368484	0.00266297
32.92560577	0.00232961
32.93752670	0.00216225
32.94944763	0.00175123
32.96136856	0.00276699
32.97328949	0.01622927
32.98521042	0.02901684
32.99713135	0.03202798
33.00905228	0.03264480
33.02097321	0.02649839
33.03289413	0.01185744
33.04481506	0.00458608
33.05673599	0.00348392
33.06865692	0.00176268
33.08057785	0.00090615
33.09249878	0.00070495
33.10441971	0.00101601
33.11634064	0.00151657
33.12826157	0.00179326
33.14018250	0.00184861
33.15210342	0.00210364
33.16402435	0.00183894
33.17594528	0.00128632
33.18786621	0.00102646
33.19978714	0.00071799
33.21170807	0.00069272
33.22362900	0.00118182
33.23554993	0.00162048
33.24747086	0.00249875
33.25939178	0.00356501
33.27131271	0.00369457
33.28323364	0.00431010
33.29515457	0.00492877
33.30707550	0.00407123
33.31899643	0.00395756
33.33091736	0.00400309
33.34283829	0.00303259
33.35475922	0.00385840
33.36668015	0.00446371
33.37860107	0.00389457
33.39052200	0.00388113
33.40244293	0.00325094
33.41436386	0.00212612
33.42628479	0.00188669
33.43820572	0.00147623
33.45012665	0.00117288
33.46204758	0.00138876
33.47396851	0.00139719
33.48588943	0.00146642
33.49781036	0.00193424
33.50973129	0.00196684
33.52165222	0.00210439
33.53357315	0.00236134
33.54549408	0.00182254
33.55741501	0.00124711
33.56933594	0.00093155
33.58125687	0.00062180
33.59317780	0.00141017
33.60509872	0.00282498
33.61701965	0.00510778
33.62894058	0.01270850
33.64086151	0.01955237
33.65278244	0.02005478
33.66470337	0.01899495
33.67662430	0.01426236
33.68854523	0.00548155
33.70046616	0.00194623
33.71238708	0.00181015
33.72430801	0.00135614
33.73622894	0.00168249
33.74814987	0.00177047
33.76007080	0.00125158
33.77199173	0.00081665
33.78391266	0.00024741
33.79583359	0.00022689
33.80775452	0.00033508
33.81967545	0.00025428
33.83159637	0.00053361
33.84351730	0.00107127
33.85543823	0.00134144
33.86735916	0.00167588
33.87928009	0.00202725
33.89120102	0.00176955
33.90312195	0.00181021
33.91504288	0.00210710
33.92696381	0.00175950
33.93888474	0.00149979
33.95080566	0.00123914
33.96272659	0.00516670
33.97464752	0.02119951
33.98656845	0.03455486
33.99848938	0.03707552
34.01041031	0.03711786
34.02233124	0.02828527
34.03425217	0.01164645
34.04617310	0.00390767
34.05809402	0.00225247
34.07001495	0.00091369
34.08193588	0.00087248
34.09385681	0.00125078
34.10577774	0.00160068
34.11769867	0.00199777
34.12961960	0.00190356
34.14154053	0.00185780
34.15346146	0.00218205
34.16538239	0.00195666
34.17730331	0.00150934
34.18922424	0.00127749
34.20114517	0.00116853
34.21306610	0.00167884
34.22498703	0.00249958
34.23690796	0.00271471
34.24882889	0.00301892
34.26074982	0.00302725
34.27267075	0.00229734
34.28459167	0.00273289
34.29651260	0.00328133
34.30843353	0.00312057
34.32035446	0.00476586
34.33227539	0.00613471
34.34419632	0.00612492
34.35611725	0.00661043
34.36803818	0.00579101
34.37995911	0.00391791
34.39188004	0.00348879
34.40380096	0.00265172
34.41572189	0.00118614
34.42764282	0.00041119
34.43956375	0.00040009
34.45148468	0.00062333
34.46340561	0.00040692
34.47532654	0.00062540
34.48724747	0.00115704
34.49916840	0.00197184
34.51108932	0.00201281
34.52301025	0.00193571
34.53493118	0.00190680
34.54685211	0.00138181
34.55877304	0.00093736
34.57069397	0.00085392
34.58261490	0.00158692
34.59453583	0.00305612
34.60645676	0.00439940
34.61837769	0.00571151
34.63029861	0.01187202
34.64221954	0.01709968
34.65414047	0.01718471
34.66606140	0.01640007
34.67798233	0.01163705
34.68990326	0.00336832
34.70182419	0.00146466
34.71374512	0.00244411
34.72566605	0.00253943
34.73758698	0.00243359
34.74950790	0.00192059
34.76142883	0.00177874
34.77334976	0.00211239
34.78527069	0.00155543
34.79719162	0.00064605
34.80911255	0.00035829
34.82103348	0.00072459
34.83295441	0.00075969
34.84487534	0.00110558
34.85679626	0.00146708
34.86871719	0.00205556
34.88063812	0.00258662
34.89255905	0.00220027
34.90447998	0.00192187
34.91640091	0.00180732
34.92832184	0.00139875
34.94024277	0.00171343
34.95216370	0.00209176
34.96408463	0.00720279
34.97600555	0.02440062
34.98792648	0.03691585
34.99984741	0.03868783
35.01176834	0.03812184
35.02368927	0.02730446
35.03561020	0.01036092
35.04753113	0.00376667
35.05945206	0.00244022
35.07137299	0.00157378
35.08329391	0.00172039
35.09521484	0.00164732
35.10713577	0.00140150
35.11905670	0.00169292
35.13097763	0.00163268
35.14289856	0.00113022
35.15481949	0.00079361
35.16674042	0.00041367
35.17866135	0.00053210
35.19058228	0.00109332
35.20250320	0.00162868
35.21442413	0.00199189
35.22634506	0.00193967
35.23826599	0.00118270
35.25018692	0.00129322
35.26210785	0.00192812
35.27402878	0.00197728
35.28594971	0.00192328
35.29787064	0.00121340
35.30979156	0.00115437
35.32171249	0.00493457
35.33363342	0.00720559
35.34555435	0.00764244
35.35747528	0.00813550
35.36939621	0.00665401
35.38131714	0.00466580
35.39323807	0.00434770
35.40515900	0.00318946
35.41707993	0.00163668
35.42900085	0.00098340
35.44092178	0.00095208
35.45284271	0.00135859
35.46476364	0.00186476
35.47668457	0.00187026
35.48860550	0.00175162
35.50052643	0.00168467
35.51244736	0.00125514
35.52436829	0.00088766
35.53628922	0.00070475
35.54821014	0.00032907
35.56013107	0.00030487
35.57205200	0.00061898
35.58397293	0.00097026
35.59589386	0.00240031
35.60781479	0.00375983
35.61973572	0.00501375
35.63165665	0.00994488
35.64357758	0.01347590
35.65549850	0.01341435
35.66741943	0.01303288
35.67934036	0.00932039
35.69126129	0.00329055
35.70318222	0.00289740
35.71510315	0.00365491
35.72702408	0.00361559
35.73894501	0.00364730
35.75086594	0.00275695
35.76278687	0.00181080
35.77470779	0.00160390
35.78662872	0.00114150
35.79854965	0.00053648
35.81047058	0.00008700
35.82239151	0.00017931
35.83431244	0.00063996
35.84623337	0.00125271
35.85815430	0.00158720
35.87007523	0.00211338
35.88199615	0.00230648
35.89391708	0.00176024
35.90583801	0.00130674
35.91775894	0.00113447
35.92967987	0.00142291
35.94160080	0.00293059
35.95352173	0.00428525
35.96544266	0.00860734
35.97736359	0.02385388
35.98928452	0.03420238
36.00120544	0.03579314
36.01312637	0.03473750
36.02504730	0.02315939
36.03696823	0.00763279
36.04888916	0.00165278
36.06081009	0.00066996
36.07273102	0.00070748
36.08465195	0.00120323
36.09657288	0.00127190
36.10849380	0.00143832
36.12041473	0.00194602
36.13233566	0.00180015
36.14425659	0.00141362
36.15617752	0.00117915
36.16809845	0.00084587
36.18001938	0.00098421
36.19194031	0.00143974
36.20386124	0.00172775
36.21578217	0.00202998
36.22770309	0.00222038
36.23962402	0.00199362
36.25154495	0.00230885
36.26346588	0.00248103
36.27538681	0.00212239
36.28730774	0.00242420
36.29922867	0.00269956
36.31114960	0.00281823
36.32307053	0.00662566
36.33499146	0.00912048
36.34691238	0.00978639
36.35883331	0.01003754
36.37075424	0.00725092
36.38267517	0.00384226
36.39459610	0.00317888
36.40651703	0.00230261
36.41843796	0.00141484
36.43035889	0.00081785
36.44227982	0.00035097
36.45420074	0.00049174
36.46612167	0.00094421
36.47804260	0.00114315
36.48996353	0.00143452
36.50188446	0.00151331
36.51380539	0.00109506
36.52572632	0.00091618
36.53764725	0.00083881
36.54956818	0.00074707
36.56148911	0.00129262
36.57341003	0.00171262
36.58533096	0.00183161
36.59725189	0.00312947
36.60917282	0.00416450
36.62109375	0.00476970
36.63301468	0.00692170
36.64493561	0.00782745
36.65685654	0.00723618
36.66877747	0.00709497
36.68069839	0.00532938
36.69261932	0.00324258
36.70454025	0.00368871
36.71646118	0.00340819
36.72838211	0.00270810
36.74030304	0.00264344
36.75222397	0.00195958
36.76414490	0.00137962
36.77606583	0.00117732
36.78798676	0.00086757
36.79990768	0.00094837
36.81182861	0.00116434
36.82374954	0.00124392
36.83567047	0.00135922
36.84759140	0.00136392
36.85951233	0.00088514
36.87143326	0.00079049
36.88335419	0.00112138
36.89527512	0.00106599
36.90719604	0.00106664
36.91911697	0.00116816
36.93103790	0.00193977
36.94295883	0.00406674
36.95487976	0.00518706
36.96680069	0.00758875
36.97872162	0.01961911
36.99064255	0.02708341
37.00256348	0.02859561
37.01448441	0.02754428
37.02640533	0.01711110
37.03832626	0.00517925
37.05024719	0.00153383
37.06216812	0.00144947
37.07408905	0.00209864
37.08600998	0.00279052
37.09793091	0.00265437
37.10985184	0.00238784
37.12177277	0.00203218
37.13369370	0.00135121
37.14561462	0.00096225
37.15753555	0.00084603
37.16945648	0.00100572
37.18137741	0.00167443
37.19329834	0.00223471
37.20521927	0.00258826
37.21714020	0.00314297
37.22906113	0.00322436
37.24098206	0.00290037
37.25290298	0.00273809
37.26482391	0.00231503
37.27674484	0.00241315
37.28866577	0.00426228
37.30058670	0.00548772
37.31250763	0.00570719
37.32442856	0.00775830
37.33634949	0.00905540
37.34827042	0.00942026
37.36019135	0.00911546
37.37211227	0.00572496
37.38403320	0.00256602
37.39595413	0.00186834
37.40787506	0.00118526
37.41979599	0.00116538
37.43171692	0.00177216
37.44363785	0.00203416
37.45555878	0.00222876
37.46747971	0.00213999
37.47940063	0.00160949
37.49132156	0.00158930
37.50324249	0.00160999
37.51516342	0.00153705
37.52708435	0.00151877
37.53900528	0.00150790
37.55092621	0.00178014
37.56284714	0.00260683
37.57476807	0.00284496
37.58668900	0.00271368
37.59860992	0.00353348
37.61053085	0.00392229
37.62245178	0.00385015
37.63437271	0.00380703
37.64629364	0.00269442
37.65821457	0.00072418
37.67013550	0.00328879
37.68205643	0.00481325
37.69397736	0.00554964
37.70589828	0.00578528
37.71781921	0.00414712
37.72974014	0.00295897
37.74166107	0.00286085
37.75358200	0.00184071
37.76550293	0.00080801
37.77742386	0.00038897
37.78934479	0.00043736
37.80126572	0.00011401
37.81318665	0.00090839
37.82510757	0.00167469
37.83702850	0.00245965
37.84894943	0.00266909
37.86087036	0.00209894
37.87279129	0.00152114
37.88471222	0.00099094
37.89663315	0.00076271
37.90855408	0.00122457
37.92047501	0.00185679
37.93239594	0.00314105
37.94431686	0.00556635
37.95623779	0.00654987
37.96815872	0.00824135
37.98007965	0.01624485
37.99200058	0.02063117
38.00392151	0.02111341
38.01584244	0.01926648
38.02776337	0.01087244
38.03968430	0.00302322
38.05160522	0.00191783
38.06352615	0.00198377
38.07544708	0.00205871
38.08736801	0.00209830
38.09928894	0.00156033
38.11120987	0.00152022
38.12313080	0.00128672
38.13505173	0.00054582
38.14697266	0.00017433
38.15889359	0.00023264
38.17081451	0.00039821
38.18273544	0.00120785
38.19465637	0.00193491
38.20657730	0.00210885
38.21849823	0.00230152
38.23041916	0.00193503
38.24234009	0.00125049
38.25426102	0.00106220
38.26618195	0.00110548
38.27810287	0.00271359
38.29002380	0.00590801
38.30194473	0.00718741
38.31386566	0.00699433
38.32578659	0.00852300
38.33770752	0.00932949
38.34962845	0.00982743
38.36154938	0.00917709
38.37347031	0.00551914
38.38539124	0.00229618
38.39731216	0.00137529
38.40923309	0.00122716
38.42115402	0.00150832
38.43307495	0.00176380
38.44499588	0.00184313
38.45691681	0.00224043
38.46883774	0.00233360
38.48075867	0.00181814
38.49267960	0.00145223
38.50460052	0.00099049
38.51652145	0.00058066
38.52844238	0.00102112
38.54036331	0.00133718
38.55228424	0.00127211
38.56420517	0.00164038
38.57612610	0.00190232
38.58804703	0.00170123
38.59996796	0.00210528
38.61188889	0.00197517
38.62380981	0.00222508
38.63573074	0.00505702
38.64765167	0.00664138
38.65957260	0.00704953
38.67149353	0.00729383
38.68341446	0.00619958
38.69533539	0.00603650
38.70725632	0.00601614
38.71917725	0.00456174
38.73109818	0.00346138
38.74301910	0.00269029
38.75494003	0.00158761
38.76686096	0.00118251
38.77878189	0.00131923
38.79070282	0.00153066
38.80262375	0.00206229
38.81454468	0.00234788
38.82646561	0.00193495
38.83838654	0.00147559
38.85030746	0.00099347
38.86222839	0.00050552
38.87414932	0.00048620
38.88607025	0.00055552
38.89799118	0.00109663
38.90991211	0.00204166
38.92183304	0.00238885
38.93375397	0.00275652
38.94567490	0.00442514
38.95759583	0.00486675
38.96951675	0.00518419
38.98143768	0.00855500
38.99335861	0.01040370
39.00527954	0.01078015
39.01720047	0.00954460
39.02912140	0.00521916
39.04104233	0.00303001
39.05296326	0.00310672
39.06488419	0.00266557
39.07680511	0.00275972
39.08872604	0.00285383
39.10064697	0.00212213
39.11256790	0.00153525
39.12448883	0.00119256
39.13640976	0.00076200
39.14833069	0.00088320
39.16025162	0.00099282
39.17217255	0.00081908
39.18409348	0.00081601
39.19601440	0.00095131
39.20793533	0.00136663
39.21985626	0.00201415
39.23177719	0.00195803
39.24369812	0.00124489
39.25561905	0.00090776
39.26753998	0.00122270
39.27946091	0.00288028
39.29138184	0.00618290
39.30330276	0.00742836
39.31522369	0.00745188
39.32714462	0.00813427
39.33906555	0.00768736
39.35098648	0.00767224
39.36290741	0.00687774
39.37482834	0.00368623
39.38674927	0.00115910
39.39867020	0.00076778
39.41059113	0.00086015
39.42251205	0.00101987
39.43443298	0.00143443
39.44635391	0.00166626
39.45827484	0.00207226
39.47019577	0.00217129
39.48211670	0.00168723
39.49403763	0.00127372
39.50595856	0.00109314
39.51787949	0.00114459
39.52980042	0.00144931
39.54172134	0.00164848
39.55364227	0.00201590
39.56556320	0.00262768
39.57748413	0.00267639
39.58940506	0.00265771
39.60132599	0.00280204
39.61324692	0.00273449
39.62516785	0.00586962
39.63708878	0.01162859
39.64900970	0.01359904
39.66093063	0.01303126
39.67285156	0.01107851
39.68477249	0.00669785
39.69669342	0.00582248
39.70861435	0.00533998
39.72053528	0.00287239
39.73245621	0.00142402
39.74437714	0.00103699
39.75629807	0.00051786
39.76821899	0.00057822
39.78013992	0.00102508
39.79206085	0.00144437
39.80398178	0.00204566
39.81590271	0.00196976
39.82782364	0.00130845
39.83974457	0.00090163
39.85166550	0.00041181
39.86358643	0.00041693
39.87550735	0.00062674
39.88742828	0.00092189
39.89934921	0.00151019
39.91127014	0.00263969
39.92319107	0.00310798
39.93511200	0.00361064
39.94703293	0.00496315
39.95895386	0.00494942
39.97087479	0.00440776
39.98279572	0.00388885
39.99471664	0.00196743
40.00663757	0.00138856
40.01855850	0.00301565
40.03047943	0.00343078
40.04240036	0.00376910
40.05432129	0.00383939
40.06624222	0.00289331
40.07816315	0.00289197
40.09008408	0.00286270
40.10200500	0.00198314
40.11392593	0.00131755
40.12584686	0.00072304
40.13776779	0.00033800
40.14968872	0.00080238
40.16160965	0.00144693
40.17353058	0.00197034
40.18545151	0.00245381
40.19737244	0.00216243
40.20929337	0.00132391
40.22121429	0.00077771
40.23313522	0.00058113
40.24505615	0.00035622
40.25697708	0.00077318
40.26889801	0.00174281
40.28081894	0.00435393
40.29273987	0.00779514
40.30466080	0.00849485
40.31658173	0.00812987
40.32850266	0.00775095
40.34042358	0.00603017
40.35234451	0.00569588
40.36426544	0.00496984
40.37618637	0.00260963
40.38810730	0.00198183
40.40002823	0.00256868
40.41194916	0.00264286
40.42387009	0.00294504
40.43579102	0.00296173
40.44771194	0.00231535
40.45963287	0.00171030
40.47155380	0.00088781
40.48347473	0.00002405
40.49539566	0.00030404
40.50731659	0.00037927
40.51923752	0.00043050
40.53115845	0.00115654
40.54307938	0.00146428
40.55500031	0.00162548
40.56692123	0.00221353
40.57884216	0.00222057
40.59076309	0.00193254
40.60268402	0.00163655
40.61460495	0.00239239
40.62652588	0.00848306
40.63844681	0.01630262
40.65036774	0.01847698
40.66228867	0.01813030
40.67420959	0.01510189
40.68613052	0.00779307
40.69805145	0.00545550
40.70997238	0.00482638
40.72189331	0.00253826
40.73381424	0.00139407
40.74573517	0.00112792
40.75765610	0.00091683
40.76957703	0.00144529
40.78149796	0.00214601
40.79341888	0.00241055
40.80533981	0.00261642
40.81726074	0.00213689
40.82918167	0.00130409
40.84110260	0.00107646
40.85302353	0.00105170
40.86494446	0.00119096
40.87686539	0.00171889
40.88878632	0.00215569
40.90070724	0.00270190
40.91262817	0.00350958
40.92454910	0.00336069
40.93647003	0.00353823
40.94839096	0.00406586
40.96031189	0.00337733
40.97223282	0.00591284
40.98415375	0.00967466
40.99607468	0.01032036
41.00799561	0.01070368
41.01991653	0.00968027
41.03183746	0.00566548
41.04375839	0.00399364
41.05567932	0.00365067
41.06760025	0.00250498
41.07952118	0.00207068
41.09144211	0.00151867
41.10336304	0.00068569
41.11528397	0.00040264
41.12720490	0.00085017
41.13912582	0.00132890
41.15104675	0.00183922
41.16296768	0.00179865
41.17488861	0.00162999
41.18680954	0.00157750
41.19873047	0.00112114
41.21065140	0.00074622
41.22257233	0.00040921
41.23449326	0.00003988
41.24641418	0.00083273
41.25833511	0.00210840
41.27025604	0.00303390
41.28217697	0.00555190
41.29409790	0.00865121
41.30601883	0.00875878
41.31793976	0.00799584
41.32986069	0.00666737
41.34178162	0.00374637
41.35370255	0.00325841
41.36562347	0.00283679
41.37754440	0.00196598
41.38946533	0.00209577
41.40138626	0.00208596
41.41330719	0.00192662
41.42522812	0.00236512
41.43714905	0.00215114
41.44906998	0.00159491
41.46099091	0.00141821
41.47291183	0.00089895
41.48483276	0.00050473
41.49675369	0.00090272
41.50867462	0.00125279
41.52059555	0.00164546
41.53251648	0.00230296
41.54443741	0.00225151
41.55635834	0.00188913
41.56827927	0.00189007
41.58020020	0.00163872
41.59212112	0.00141966
41.60404205	0.00149685
41.61596298	0.00358621
41.62788391	0.01188877
41.63980484	0.02068808
41.65172577	0.02230423
41.66364670	0.02143137
41.67556763	0.01663110
41.68748856	0.00695369
41.69940948	0.00457704
41.71133041	0.00390236
41.72325134	0.00180205
41.73517227	0.00093692
41.74709320	0.00081977
41.75901413	0.00095743
41.77093506	0.00157745
41.78285599	0.00176241
41.79477692	0.00151953
41.80669785	0.00159297
41.81861877	0.00145787
41.83053970	0.00134323
41.84246063	0.00125800
41.85438156	0.00082897
41.86630249	0.00045868
41.87822342	0.00087413
41.89014435	0.00109581
41.90206528	0.00147528
41.91398621	0.00204889
41.92590714	0.00183003
41.93782806	0.00192450
41.94974899	0.00209045
41.96166992	0.00343608
41.97359085	0.01105204
41.98551178	0.01813327
41.99743271	0.01945903
42.00935364	0.01980054
42.02127457	0.01641452
42.03319550	0.00809293
42.04511642	0.00442891
42.05703735	0.00356116
42.06895828	0.00186022
42.08087921	0.00101163
42.09280014	0.00053364
42.10472107	0.00076493
42.11664200	0.00094419
42.12856293	0.00113806
42.14048386	0.00152882
42.15240479	0.00239392
42.16432571	0.00264016
42.17624664	0.00244124
42.18816757	0.00236304
42.20008850	0.00198186
42.21200943	0.00155511
42.22393036	0.00119699
42.23585129	0.00095396
42.24777222	0.00149234
42.25969315	0.00231746
42.27161407	0.00259463
42.28353500	0.00438681
42.29545593	0.00668330
42.30737686	0.00681588
42.31929779	0.00670065
42.33121872	0.00545780
42.34313965	0.00201454
42.35506058	0.00133362
42.36698151	0.00274747
42.37890244	0.00341312
42.39082336	0.00405459
42.40274429	0.00388389
42.41466522	0.00284624
42.42658615	0.00205064
42.43850708	0.00119625
42.45042801	0.00069178
42.46234894	0.00062118
42.47426987	0.00051138
42.48619080	0.00033424
42.49811172	0.00089437
42.51003265	0.00130373
42.52195358	0.00169675
42.53387451	0.00200343
42.54579544	0.00168285
42.55771637	0.00137692
42.56963730	0.00110529
42.58155823	0.00070867
42.59347916	0.00128698
42.60540009	0.00254106
42.61732101	0.00536042
42.62924194	0.01484087
42.64116287	0.02342670
42.65308380	0.02436392
42.66500473	0.02324382
42.67692566	0.01741430
42.68884659	0.00700859
42.70076752	0.00329533
42.71268845	0.00248308
42.72460938	0.00143155
42.73653030	0.00164613
42.74845123	0.00212580
42.76037216	0.00236000
42.77229309	0.00283259
42.78421402	0.00256137
42.79613495	0.00185809
42.80805588	0.00147304
42.81997681	0.00080432
42.83189774	0.00043942
42.84381866	0.00074217
42.85573959	0.00118892
42.86766052	0.00177017
42.87958145	0.00239813
42.89150238	0.00227662
42.90342331	0.00175807
42.91534424	0.00170717
42.92726517	0.00176269
42.93918610	0.00179647
42.95110703	0.00121127
42.96302795	0.00314525
42.97494888	0.01424099
42.98686981	0.02328906
42.99879074	0.02490685
43.01071167	0.02518705
43.02263260	0.01965094
43.03455353	0.00893326
43.04647446	0.00494855
43.05839539	0.00386629
43.07031631	0.00228053
43.08223724	0.00131917
43.09415817	0.00061287
43.10607910	0.00054431
43.11800003	0.00112132
43.12992096	0.00168594
43.14184189	0.00221146
43.15376282	0.00254721
43.16568375	0.00207101
43.17760468	0.00123827
43.18952560	0.00068732
43.20144653	0.00039646
43.21336746	0.00051491
43.22528839	0.00085857
43.23720932	0.00123898
43.24913025	0.00225539
43.26105118	0.00330456
43.27297211	0.00353175
43.28489304	0.00471972
43.29681396	0.00566008
43.30873489	0.00529350
43.32065582	0.00577529
43.33257675	0.00538372
43.34449768	0.00399889
43.35641861	0.00446484
43.36833954	0.00474731
43.38026047	0.00424715
43.39218140	0.00431870
43.40410233	0.00359130
43.41602325	0.00221027
43.42794418	0.00177455
43.43986511	0.00125018
43.45178604	0.00075719
43.46370697	0.00082163
43.47562790	0.00098304
43.48754883	0.00121595
43.49946976	0.00164281
43.51139069	0.00160017
43.52331161	0.00176706
43.53523254	0.00228228
43.54715347	0.00219389
43.55907440	0.00195368
43.57099533	0.00152388
43.58291626	0.00111024
43.59483719	0.00206420
43.60675812	0.00327764
43.61867905	0.00579964
43.63059998	0.01538725
43.64252090	0.02308795
43.65444183	0.02359073
43.66636276	0.02255803
43.67828369	0.01607777
43.69020462	0.00530875
43.70212555	0.00154663
43.71404648	0.00180202
43.72596741	0.00199779
43.73788834	0.00268735
43.74980927	0.00271473
43.76173019	0.00205868
43.77365112	0.00170427
43.78557205	0.00120989
43.79749298	0.00097984
43.80941391	0.00096108
43.82133484	0.00059521
43.83325577	0.00031920
43.84517670	0.00081185
43.85709763	0.00127363
43.86901855	0.00191317
43.88093948	0.00231550
43.89286041	0.00186966
43.90478134	0.00167166
43.91670227	0.00183606
43.92862320	0.00167095
43.94054413	0.00208818
43.95246506	0.00228531
43.96438599	0.00486591
43.97630692	0.01798122
43.98822784	0.02728127
44.00014877	0.02879671
44.01206970	0.02854819
44.02399063	0.02011177
44.03591156	0.00725078
44.04783249	0.00286329
44.05975342	0.00163921
44.07167435	0.00058702
44.08359528	0.00083396
44.09551620	0.00130596
44.10743713	0.00180115
44.11935806	0.00249175
44.13127899	0.00251073
44.14319992	0.00225993
44.15512085	0.00205985
44.16704178	0.00160868
44.17896271	0.00124615
44.19088364	0.00074346
44.20280457	0.00020888
44.21472549	0.00073264
44.22664642	0.00131485
44.23856735	0.00148424
44.25048828	0.00255803
44.26240921	0.00346155
44.27433014	0.00329097
44.28625107	0.00361979
44.29817200	0.00337902
44.31009293	0.00268991
44.32201385	0.00457455
44.33393478	0.00565281
44.34585571	0.00561398
44.35777664	0.00613693
44.36969757	0.00525780
44.38161850	0.00394222
44.39353943	0.00379057
44.40546036	0.00292742
44.41738129	0.00222919
44.42930222	0.00209957
44.44122314	0.00168111
44.45314407	0.00127357
44.46506500	0.00142641
44.47698593	0.00134504
44.48890686	0.00142019
44.50082779	0.00179590
44.51274872	0.00199334
44.52466965	0.00224520
44.53659058	0.00207730
44.54851151	0.00141300
44.56043243	0.00093974
44.57235336	0.00082249
44.58427429	0.00112455
44.59619522	0.00236790
44.60811615	0.00344654
44.62003708	0.00630842
44.63195801	0.01494484
44.64387894	0.02053891
44.65579987	0.02046467
44.66772079	0.01948419
44.67964172	0.01320819
44.69156265	0.00386323
44.70348358	0.00122364
44.71540451	0.00194870
44.72732544	0.00207385
44.73924637	0.00236481
44.75116730	0.00212400
44.76308823	0.00197128
44.77500916	0.00189349
44.78693008	0.00104903
44.79885101	0.00070401
44.81077194	0.00062139
44.82269287	0.00047598
44.83461380	0.00042988
44.84653473	0.00085155
44.85845566	0.00110691
44.87037659	0.00159681
44.88229752	0.00196549
44.89421844	0.00172038
44.90613937	0.00166404
44.91806030	0.00144921
44.92998123	0.00118986
44.94190216	0.00233199
44.95382309	0.00323844
44.96574402	0.00654072
44.97766495	0.01956686
44.98958588	0.02799758
45.00150681	0.02939770
45.01342773	0.02878935
45.02534866	0.01918219
45.03726959	0.00660742
45.04919052	0.00280198
45.06111145	0.00203994
45.07303238	0.00155276
45.08495331	0.00194408
45.09687424	0.00224885
45.10879517	0.00246342
45.12071609	0.00262979
45.13263702	0.00206643
45.14455795	0.00153063
45.15647888	0.00130816
45.16839981	0.00088965
45.18032074	0.00091974
45.19224167	0.00131035
45.20416260	0.00167009
45.21608353	0.00238378
45.22800446	0.00286092
45.23992538	0.00274457
45.25184631	0.00304942
45.26376724	0.00289722
45.27568817	0.00213778
45.28760910	0.00188758
45.29953003	0.00105504
45.31145096	0.00160989
45.32337189	0.00529485
45.33529282	0.00733628
45.34721375	0.00797992
45.35913467	0.00820040
45.37105560	0.00593888
45.38297653	0.00325509
45.39489746	0.00286483
45.40681839	0.00216740
45.41873932	0.00126643
45.43066025	0.00083396
45.44258118	0.00054462
45.45450211	0.00064430
45.46642303	0.00082164
45.47834396	0.00076992
45.49026489	0.00106620
45.50218582	0.00144671
45.51410675	0.00136464
45.52602768	0.00138709
45.53794861	0.00130216
45.54986954	0.00090275
45.56179047	0.00103201
45.57371140	0.00142575
45.58563232	0.00186746
45.59755325	0.00331121
45.60947418	0.00419703
45.62139511	0.00567503
45.63331604	0.01182517
45.64523697	0.01511549
45.65715790	0.01475172
45.66907883	0.01387839
45.68099976	0.00862463
45.69292068	0.00237954
45.70484161	0.00312460
45.71676254	0.00310847
45.72868347	0.00291026
45.74060440	0.00310112
45.75252533	0.00240879
45.76444626	0.00190659
45.77636719	0.00178420
45.78828812	0.00127975
45.80020905	0.00109232
45.81212997	0.00112872
45.82405090	0.00101060
45.83597183	0.00116315
45.84789276	0.00118631
45.85981369	0.00075869
45.87173462	0.00117956
45.88365555	0.00149478
45.89557648	0.00143851
45.90749741	0.00164712
45.91941833	0.00162441
45.93133926	0.00202341
45.94326019	0.00340101
45.95518112	0.00399213
45.96710205	0.00760771
45.97902298	0.01971161
45.99094391	0.02662794
46.00286484	0.02783447
46.01478577	0.02657596
46.02670670	0.01650193
46.03862762	0.00530675
46.05054855	0.00184913
46.06246948	0.00096861
46.07439041	0.00107076
46.08631134	0.00148991
46.09823227	0.00144115
46.11015320	0.00180377
46.12207413	0.00232865
46.13399506	0.00199495
46.14591599	0.00138365
46.15783691	0.00084302
46.16975784	0.00043479
46.18167877	0.00058128
46.19359970	0.00097080
46.20552063	0.00148039
46.21744156	0.00227833
46.22936249	0.00271159
46.24128342	0.00273545
46.25320435	0.00284653
46.26512527	0.00246542
46.27704620	0.00198964
46.28896713	0.00245735
46.30088806	0.00299777
46.31280899	0.00336951
46.32472992	0.00611783
46.33665085	0.00766609
46.34857178	0.00842396
46.36049271	0.00878427
46.37241364	0.00608473
46.38433456	0.00315341
46.39625549	0.00224600
46.40817642	0.00132563
46.42009735	0.00087654
46.43201828	0.00124699
46.44393921	0.00163166
46.45586014	0.00209976
46.46778107	0.00249436
46.47970200	0.00224263
46.49162292	0.00211067
46.50354385	0.00193938
46.51546478	0.00126128
46.52738571	0.00077251
46.53930664	0.00052365
46.55122757	0.00060243
46.56314850	0.00130728
46.57506943	0.00184896
46.58699036	0.00249472
46.59891129	0.00394730
46.61083221	0.00441158
46.62275314	0.00496332
46.63467407	0.00744677
46.64659500	0.00800721
46.65851593	0.00768234
46.67043686	0.00780518
46.68235779	0.00562942
46.69427872	0.00407816
46.70619965	0.00449254
46.71812057	0.00392766
46.73004150	0.00341913
46.74196243	0.00312385
46.75388336	0.00203526
46.76580429	0.00151039
46.77772522	0.00163393
46.78964615	0.00148347
46.80156708	0.00171253
46.81348801	0.00194007
46.82540894	0.00161125
46.83732986	0.00156731
46.84925079	0.00185699
46.86117172	0.00195194
46.87309265	0.00219753
46.88501358	0.00212734
46.89693451	0.00157199
46.90885544	0.00138568
46.92077637	0.00140156
46.93269730	0.00231844
46.94461823	0.00433609
46.95653915	0.00485043
46.96846008	0.00724511
46.98038101	0.01683337
46.99230194	0.02162611
47.00422287	0.02223233
47.01614380	0.02036659
47.02806473	0.01147294
47.03998566	0.00331088
47.05190659	0.00184256
47.06382751	0.00209351
47.07574844	0.00250135
47.08766937	0.00271689
47.09959030	0.00212834
47.11151123	0.00157517
47.12343216	0.00108226
47.13535309	0.00035018
47.14727402	0.00055803
47.15919495	0.00059404
47.17111588	0.00048717
47.18303680	0.00073118
47.19495773	0.00122309
47.20687866	0.00159143
47.21879959	0.00250739
47.23072052	0.00298963
47.24264145	0.00266568
47.25456238	0.00254087
47.26648331	0.00217857
47.27840424	0.00249366
47.29032516	0.00436131
47.30224609	0.00520212
47.31416702	0.00529963
47.32608795	0.00718034
47.33800888	0.00799476
47.34992981	0.00840232
47.36185074	0.00795108
47.37377167	0.00448208
47.38569260	0.00160554
47.39761353	0.00071612
47.40953445	0.00040116
47.42145538	0.00043115
47.43337631	0.00023643
47.44529724	0.00037885
47.45721817	0.00090659
47.46913910	0.00109012
47.48106003	0.00079727
47.49298096	0.00102716
47.50490189	0.00111375
47.51682281	0.00058322
47.52874374	0.00038832
47.54066467	0.00092179
47.55258560	0.00151047
47.56450653	0.00216520
47.57642746	0.00233135
47.58834839	0.00222469
47.60026932	0.00280369
47.61219025	0.00275396
47.62411118	0.00237319
47.63603210	0.00207171
47.64795303	0.00093954
47.65987396	0.00120521
47.67179489	0.00338920
47.68371582	0.00424768
47.69563675	0.00465657
47.70755768	0.00472797
47.71947861	0.00350896
47.73139954	0.00301863
47.74332047	0.00284594
47.75524139	0.00215076
47.76716232	0.00168290
47.77908325	0.00158272
47.79100418	0.00163627
47.80292511	0.00182602
47.81484604	0.00176702
47.82676697	0.00155701
47.83868790	0.00175538
47.85060883	0.00172668
47.86252975	0.00125182
47.87445068	0.00083526
47.88637161	0.00038201
47.89829254	0.00042605
47.91021347	0.00112130
47.92213440	0.00169529
47.93405533	0.00279305
47.94597626	0.00505521
47.95789719	0.00569256
47.96981812	0.00706652
47.98173904	0.01286927
47.99365997	0.01551407
48.00558090	0.01591782
48.01750183	0.01414115
48.02942276	0.00754498
48.04134369	0.00266968
48.05326462	0.00234761
48.06518555	0.00232200
48.07710648	0.00242553
48.08902740	0.00232898
48.10094833	0.00181698
48.11286926	0.00196194
48.12479019	0.00193255
48.13671112	0.00148239
48.14863205	0.00156103
48.16055298	0.00176159
48.17247391	0.00179109
48.18439484	0.00198343
48.19631577	0.00203183
48.20823669	0.00188247
48.22015762	0.00233634
48.23207855	0.00231393
48.24399948	0.00173645
48.25592041	0.00132336
48.26784134	0.00103571
48.27976227	0.00270487
48.29168320	0.00594460
48.30360413	0.00711889
48.31552505	0.00681827
48.32744598	0.00755048
48.33936691	0.00778496
48.35128784	0.00844724
48.36320877	0.00780013
48.37512970	0.00420431
48.38705063	0.00157218
48.39897156	0.00111214
48.41089249	0.00095597
48.42281342	0.00117053
48.43473434	0.00158431
48.44665527	0.00170489
48.45857620	0.00202432
48.47049713	0.00210438
48.48241806	0.00180108
48.49433899	0.00173492
48.50625992	0.00154996
48.51818085	0.00132398
48.53010178	0.00142365
48.54202271	0.00149656
48.55394363	0.00184833
48.56586456	0.00272643
48.57778549	0.00290294
48.58970642	0.00288010
48.60162735	0.00331346
48.61354828	0.00300193
48.62546921	0.00363823
48.63739014	0.00676779
48.64931107	0.00820666
48.66123199	0.00813166
48.67315292	0.00708279
48.68507385	0.00481173
48.69699478	0.00481091
48.70891571	0.00458924
48.72083664	0.00271800
48.73275757	0.00145524
48.74467850	0.00093864
48.75659943	0.00021853
48.76852036	0.00059496
48.78044128	0.00076872
48.79236221	0.00090758
48.80428314	0.00140329
48.81620407	0.00187404
