x-axis,2,3
second,Volt,Volt
-16.50000E-03,+5.53718185E+00,-16.94095564E+00
-16.48350E-03,+5.53718185E+00,-16.94095564E+00
-16.46700E-03,+5.53718185E+00,-16.94095564E+00
-16.45050E-03,+5.53718185E+00,-16.94095564E+00
-16.43400E-03,+7.54723215E+00,-16.94095564E+00
-16.41750E-03,+7.54723215E+00,-16.94095564E+00
-16.40100E-03,+7.54723215E+00,-18.95100594E+00
-16.38450E-03,+7.54723215E+00,-18.95100594E+00
-16.36800E-03,+7.54723215E+00,-18.95100594E+00
-16.35150E-03,+7.54723215E+00,-18.95100594E+00
-16.33500E-03,+7.54723215E+00,-18.95100594E+00
-16.31850E-03,+9.55728245E+00,-16.94095564E+00
-16.30200E-03,+11.56733274E+00,-18.95100594E+00
-16.28550E-03,+11.56733274E+00,-16.94095564E+00
-16.26900E-03,+9.55728245E+00,-18.95100594E+00
-16.25250E-03,+11.56733274E+00,-18.95100594E+00
-16.23600E-03,+9.55728245E+00,-16.94095564E+00
-16.21950E-03,+7.54723215E+00,-18.95100594E+00
-16.20300E-03,+7.54723215E+00,-18.95100594E+00
-16.18650E-03,+7.54723215E+00,-18.95100594E+00
-16.17000E-03,+7.54723215E+00,-18.95100594E+00
-16.15350E-03,+5.53718185E+00,-18.95100594E+00
-16.13700E-03,+7.54723215E+00,-18.95100594E+00
-16.12050E-03,+3.52713156E+00,-20.96105623E+00
-16.10400E-03,+5.53718185E+00,-18.95100594E+00
-16.08750E-03,+5.53718185E+00,-18.95100594E+00
-16.07100E-03,+5.53718185E+00,-18.95100594E+00
-16.05450E-03,+5.53718185E+00,-18.95100594E+00
-16.03800E-03,+3.52713156E+00,-18.95100594E+00
-16.02150E-03,+5.53718185E+00,-18.95100594E+00
-16.00500E-03,+5.53718185E+00,-20.96105623E+00
-15.98850E-03,+5.53718185E+00,-18.95100594E+00
-15.97200E-03,+5.53718185E+00,-18.95100594E+00
-15.95550E-03,+7.54723215E+00,-18.95100594E+00
-15.93900E-03,+5.53718185E+00,-18.95100594E+00
-15.92250E-03,+7.54723215E+00,-20.96105623E+00
-15.90600E-03,+7.54723215E+00,-18.95100594E+00
-15.88950E-03,+7.54723215E+00,-20.96105623E+00
-15.87300E-03,+9.55728245E+00,-18.95100594E+00
-15.85650E-03,+11.56733274E+00,-20.96105623E+00
-15.84000E-03,+11.56733274E+00,-20.96105623E+00
-15.82350E-03,+11.56733274E+00,-20.96105623E+00
-15.80700E-03,+13.57738304E+00,-20.96105623E+00
-15.79050E-03,+11.56733274E+00,-18.95100594E+00
-15.77400E-03,+13.57738304E+00,-20.96105623E+00
-15.75750E-03,+13.57738304E+00,-20.96105623E+00
-15.74100E-03,+13.57738304E+00,-18.95100594E+00
-15.72450E-03,+15.58743334E+00,-20.96105623E+00
-15.70800E-03,+15.58743334E+00,-20.96105623E+00
-15.69150E-03,+19.60753393E+00,-20.96105623E+00
-15.67500E-03,+17.59748364E+00,-20.96105623E+00
-15.65850E-03,+19.60753393E+00,-20.96105623E+00
-15.64200E-03,+23.62763453E+00,-20.96105623E+00
-15.62550E-03,+25.63768482E+00,-20.96105623E+00
-15.60900E-03,+23.62763453E+00,-20.96105623E+00
-15.59250E-03,+27.64773512E+00,-20.96105623E+00
-15.57600E-03,+27.64773512E+00,-20.96105623E+00
-15.55950E-03,+31.66783571E+00,-20.96105623E+00
-15.54300E-03,+35.68793631E+00,-20.96105623E+00
-15.52650E-03,+37.69798660E+00,-20.96105623E+00
-15.51000E-03,+41.71808720E+00,-22.97110653E+00
-15.49350E-03,+47.74823809E+00,-20.96105623E+00
-15.47700E-03,+63.82864046E+00,-22.97110653E+00
-15.46050E-03,+75.88894224E+00,-20.96105623E+00
-15.44400E-03,+95.98944521E+00,-22.97110653E+00
-15.42750E-03,+112.06984758E+00,-22.97110653E+00
-15.41100E-03,+102.01959610E+00,-20.96105623E+00
-15.39450E-03,+75.88894224E+00,-22.97110653E+00
-15.37800E-03,+57.79848957E+00,-22.97110653E+00
-15.36150E-03,+41.71808720E+00,-20.96105623E+00
-15.34500E-03,+25.63768482E+00,-20.96105623E+00
-15.32850E-03,+17.59748363E+00,-22.97110653E+00
-15.31200E-03,+13.57738304E+00,-22.97110653E+00
-15.29550E-03,+9.55728245E+00,-22.97110653E+00
-15.27900E-03,+7.54723215E+00,-22.97110653E+00
-15.26250E-03,+5.53718185E+00,-22.97110653E+00
-15.24600E-03,+5.53718185E+00,-22.97110653E+00
-15.22950E-03,+3.52713156E+00,-22.97110653E+00
-15.21300E-03,+3.52713156E+00,-22.97110653E+00
-15.19650E-03,+3.52713156E+00,-22.97110653E+00
-15.18000E-03,+1.51708126E+00,-22.97110653E+00
-15.16350E-03,+3.52713156E+00,-22.97110653E+00
-15.14700E-03,+1.51708126E+00,-22.97110653E+00
-15.13050E-03,+1.51708126E+00,-22.97110653E+00
-15.11400E-03,+1.51708126E+00,-22.97110653E+00
-15.09750E-03,+3.52713156E+00,-22.97110653E+00
-15.08100E-03,+1.51708126E+00,-22.97110653E+00
-15.06450E-03,+1.51708126E+00,-22.97110653E+00
-15.04800E-03,+1.51708126E+00,-24.98115683E+00
-15.03150E-03,+3.52713156E+00,-24.98115683E+00
-15.01500E-03,+1.51708126E+00,-22.97110653E+00
-14.99850E-03,+1.51708126E+00,-24.98115683E+00
-14.98200E-03,+1.51708126E+00,-22.97110653E+00
-14.96550E-03,-492.96904E-03,-22.97110653E+00
-14.94900E-03,+3.52713156E+00,-22.97110653E+00
-14.93250E-03,+1.51708126E+00,-24.98115683E+00
-14.91600E-03,+1.51708126E+00,-24.98115683E+00
-14.89950E-03,+1.51708126E+00,-24.98115683E+00
-14.88300E-03,+1.51708126E+00,-22.97110653E+00
-14.86650E-03,-492.96904E-03,-24.98115683E+00
-14.85000E-03,+1.51708126E+00,-24.98115683E+00
-14.83350E-03,+3.52713156E+00,-24.98115683E+00
-14.81700E-03,-492.96904E-03,-24.98115683E+00
-14.80050E-03,+1.51708126E+00,-24.98115683E+00
-14.78400E-03,-492.96904E-03,-24.98115683E+00
-14.76750E-03,+1.51708126E+00,-24.98115683E+00
-14.75100E-03,+1.51708126E+00,-24.98115683E+00
-14.73450E-03,+1.51708126E+00,-24.98115683E+00
-14.71800E-03,+1.51708126E+00,-24.98115683E+00
-14.70150E-03,+1.51708126E+00,-24.98115683E+00
-14.68500E-03,-492.96904E-03,-24.98115683E+00
-14.66850E-03,+3.52713156E+00,-26.99120712E+00
-14.65200E-03,+1.51708126E+00,-24.98115683E+00
-14.63550E-03,+5.53718185E+00,-26.99120712E+00
-14.61900E-03,+1.51708126E+00,-24.98115683E+00
-14.60250E-03,+1.51708126E+00,-24.98115683E+00
-14.58600E-03,+1.51708126E+00,-24.98115683E+00
-14.56950E-03,+3.52713156E+00,-24.98115683E+00
-14.55300E-03,-492.96904E-03,-26.99120712E+00
-14.53650E-03,+1.51708126E+00,-26.99120712E+00
-14.52000E-03,+1.51708126E+00,-26.99120712E+00
-14.50350E-03,+5.53718185E+00,-26.99120712E+00
-14.48700E-03,+7.54723215E+00,-24.98115683E+00
-14.47050E-03,+1.51708126E+00,-24.98115683E+00
-14.45400E-03,+1.51708126E+00,-26.99120712E+00
-14.43750E-03,-492.96904E-03,-26.99120712E+00
-14.42100E-03,+7.54723215E+00,-24.98115683E+00
-14.40450E-03,+9.55728245E+00,-26.99120712E+00
-14.38800E-03,+1.51708126E+00,-26.99120712E+00
-14.37150E-03,+5.53718185E+00,-26.99120712E+00
-14.35500E-03,+1.51708126E+00,-26.99120712E+00
-14.33850E-03,+1.51708126E+00,-26.99120712E+00
-14.32200E-03,+5.53718185E+00,-26.99120712E+00
-14.30550E-03,+1.51708126E+00,-26.99120712E+00
-14.28900E-03,+9.55728245E+00,-26.99120712E+00
-14.27250E-03,+11.56733275E+00,-26.99120712E+00
-14.25600E-03,+9.55728245E+00,-26.99120712E+00
-14.23950E-03,+3.52713156E+00,-26.99120712E+00
-14.22300E-03,+3.52713156E+00,-26.99120712E+00
-14.20650E-03,+3.52713156E+00,-26.99120712E+00
-14.19000E-03,+13.57738304E+00,-26.99120712E+00
-14.17350E-03,+1.51708126E+00,-26.99120712E+00
-14.15700E-03,+7.54723215E+00,-26.99120712E+00
-14.14050E-03,+3.52713156E+00,-26.99120712E+00
-14.12400E-03,+11.56733275E+00,-26.99120712E+00
-14.10750E-03,+3.52713156E+00,-26.99120712E+00
-14.09100E-03,+1.51708126E+00,-29.00125742E+00
-14.07450E-03,+9.55728245E+00,-26.99120712E+00
-14.05800E-03,+17.59748363E+00,-26.99120712E+00
-14.04150E-03,+13.57738304E+00,-29.00125742E+00
-14.02500E-03,+1.51708126E+00,-26.99120712E+00
-14.00850E-03,+5.53718185E+00,-29.00125742E+00
-13.99200E-03,+7.54723215E+00,-29.00125742E+00
-13.97550E-03,+17.59748363E+00,-29.00125742E+00
-13.95900E-03,+3.52713156E+00,-29.00125742E+00
-13.94250E-03,+1.51708126E+00,-29.00125742E+00
-13.92600E-03,+57.79848957E+00,-26.99120712E+00
-13.90950E-03,+15.58743334E+00,-29.00125742E+00
-13.89300E-03,+13.57738304E+00,-29.00125742E+00
-13.87650E-03,+25.63768483E+00,-29.00125742E+00
-13.86000E-03,+9.55728245E+00,-26.99120712E+00
-13.84350E-03,+41.71808720E+00,-29.00125742E+00
-13.82700E-03,+9.55728245E+00,-29.00125742E+00
-13.81050E-03,+11.56733275E+00,-29.00125742E+00
-13.79400E-03,+5.53718185E+00,-29.00125742E+00
-13.77750E-03,+17.59748363E+00,-29.00125742E+00
-13.76100E-03,+3.52713156E+00,-29.00125742E+00
-13.74450E-03,+21.61758423E+00,-29.00125742E+00
-13.72800E-03,+9.55728245E+00,-29.00125742E+00
-13.71150E-03,+3.52713156E+00,-29.00125742E+00
-13.69500E-03,+11.56733274E+00,-29.00125742E+00
-13.67850E-03,+1.51708126E+00,-29.00125742E+00
-13.66200E-03,+5.53718185E+00,-29.00125742E+00
-13.64550E-03,+1.51708126E+00,-29.00125742E+00
-13.62900E-03,+5.53718185E+00,-31.01130772E+00
-13.61250E-03,+3.52713156E+00,-29.00125742E+00
-13.59600E-03,+3.52713156E+00,-29.00125742E+00
-13.57950E-03,+3.52713156E+00,-31.01130772E+00
-13.56300E-03,+1.51708126E+00,-31.01130772E+00
-13.54650E-03,+3.52713156E+00,-31.01130772E+00
-13.53000E-03,+1.51708126E+00,-31.01130772E+00
-13.51350E-03,+1.51708126E+00,-31.01130772E+00
-13.49700E-03,+1.51708126E+00,-31.01130772E+00
-13.48050E-03,+1.51708126E+00,-29.00125742E+00
-13.46400E-03,+1.51708126E+00,-31.01130772E+00
-13.44750E-03,+1.51708126E+00,-31.01130772E+00
-13.43100E-03,+1.51708126E+00,-31.01130772E+00
-13.41450E-03,+1.51708126E+00,-31.01130772E+00
-13.39800E-03,-492.96904E-03,-31.01130772E+00
-13.38150E-03,-492.96904E-03,-31.01130772E+00
-13.36500E-03,-492.96904E-03,-31.01130772E+00
-13.34850E-03,+1.51708126E+00,-31.01130772E+00
-13.33200E-03,+1.51708126E+00,-31.01130772E+00
-13.31550E-03,-492.96904E-03,-31.01130772E+00
-13.29900E-03,+1.51708126E+00,-31.01130772E+00
-13.28250E-03,+1.51708126E+00,-33.02135801E+00
-13.26600E-03,+1.51708126E+00,-31.01130772E+00
-13.24950E-03,-492.96904E-03,-33.02135801E+00
-13.23300E-03,+1.51708126E+00,-31.01130772E+00
-13.21650E-03,-492.96904E-03,-31.01130772E+00
-13.20000E-03,+1.51708126E+00,-33.02135801E+00
-13.18350E-03,-492.96904E-03,-31.01130772E+00
-13.16700E-03,+1.51708126E+00,-31.01130772E+00
-13.15050E-03,+1.51708126E+00,-31.01130772E+00
-13.13400E-03,-492.96904E-03,-31.01130772E+00
-13.11750E-03,+1.51708126E+00,-31.01130772E+00
-13.10100E-03,+1.51708126E+00,-31.01130772E+00
-13.08450E-03,-492.96904E-03,-33.02135801E+00
-13.06800E-03,-492.96904E-03,-33.02135801E+00
-13.05150E-03,+1.51708126E+00,-33.02135801E+00
-13.03500E-03,-492.96904E-03,-33.02135801E+00
-13.01850E-03,-492.96904E-03,-33.02135801E+00
-13.00200E-03,+1.51708126E+00,-33.02135801E+00
-12.98550E-03,-492.96904E-03,-33.02135801E+00
-12.96900E-03,+1.51708126E+00,-33.02135801E+00
-12.95250E-03,-492.96904E-03,-33.02135801E+00
-12.93600E-03,+1.51708126E+00,-33.02135801E+00
-12.91950E-03,-492.96904E-03,-33.02135801E+00
-12.90300E-03,+1.51708126E+00,-33.02135801E+00
-12.88650E-03,-492.96904E-03,-33.02135801E+00
-12.87000E-03,-492.96904E-03,-33.02135801E+00
-12.85350E-03,+1.51708126E+00,-33.02135801E+00
-12.83700E-03,-492.96904E-03,-33.02135801E+00
-12.82050E-03,-492.96904E-03,-31.01130772E+00
-12.80400E-03,+1.51708126E+00,-33.02135801E+00
-12.78750E-03,-492.96904E-03,-33.02135801E+00
-12.77100E-03,-492.96904E-03,-33.02135801E+00
-12.75450E-03,-492.96904E-03,-35.03140831E+00
-12.73800E-03,-492.96904E-03,-33.02135801E+00
-12.72150E-03,-492.96904E-03,-33.02135801E+00
-12.70500E-03,-492.96904E-03,-33.02135801E+00
-12.68850E-03,-492.96904E-03,-33.02135801E+00
-12.67200E-03,-492.96904E-03,-33.02135801E+00
-12.65550E-03,-492.96904E-03,-35.03140831E+00
-12.63900E-03,-492.96904E-03,-35.03140831E+00
-12.62250E-03,-492.96904E-03,-33.02135801E+00
-12.60600E-03,-492.96904E-03,-33.02135801E+00
-12.58950E-03,-492.96904E-03,-33.02135801E+00
-12.57300E-03,+1.51708126E+00,-35.03140831E+00
-12.55650E-03,+1.51708126E+00,-35.03140831E+00
-12.54000E-03,-492.96904E-03,-35.03140831E+00
-12.52350E-03,+1.51708126E+00,-35.03140831E+00
-12.50700E-03,+1.51708126E+00,-35.03140831E+00
-12.49050E-03,-492.96904E-03,-35.03140831E+00
-12.47400E-03,-492.96904E-03,-33.02135801E+00
-12.45750E-03,+1.51708126E+00,-35.03140831E+00
-12.44100E-03,+1.51708126E+00,-35.03140831E+00
-12.42450E-03,-492.96904E-03,-37.04145861E+00
-12.40800E-03,-492.96904E-03,-35.03140831E+00
-12.39150E-03,+1.51708126E+00,-35.03140831E+00
-12.37500E-03,-492.96904E-03,-35.03140831E+00
-12.35850E-03,-492.96904E-03,-35.03140831E+00
-12.34200E-03,-492.96904E-03,-35.03140831E+00
-12.32550E-03,-492.96904E-03,-37.04145861E+00
-12.30900E-03,-492.96904E-03,-37.04145861E+00
-12.29250E-03,+1.51708126E+00,-35.03140831E+00
-12.27600E-03,-492.96904E-03,-35.03140831E+00
-12.25950E-03,+1.51708126E+00,-37.04145861E+00
-12.24300E-03,-492.96904E-03,-37.04145861E+00
-12.22650E-03,+1.51708126E+00,-35.03140831E+00
-12.21000E-03,-492.96904E-03,-37.04145861E+00
-12.19350E-03,+1.51708126E+00,-35.03140831E+00
-12.17700E-03,-492.96904E-03,-35.03140831E+00
-12.16050E-03,-492.96904E-03,-35.03140831E+00
-12.14400E-03,-492.96904E-03,-35.03140831E+00
-12.12750E-03,+1.51708126E+00,-37.04145861E+00
-12.11100E-03,-492.96904E-03,-37.04145861E+00
-12.09450E-03,+1.51708126E+00,-37.04145861E+00
-12.07800E-03,-492.96904E-03,-37.04145861E+00
-12.06150E-03,-492.96904E-03,-39.05150890E+00
-12.04500E-03,-492.96904E-03,-37.04145861E+00
-12.02850E-03,-492.96904E-03,-35.03140831E+00
-12.01200E-03,-492.96904E-03,-37.04145861E+00
-11.99550E-03,-492.96904E-03,-37.04145861E+00
-11.97900E-03,+1.51708126E+00,-37.04145861E+00
-11.96250E-03,-2.50301933E+00,-37.04145861E+00
-11.94600E-03,-492.96904E-03,-37.04145861E+00
-11.92950E-03,-492.96904E-03,-37.04145861E+00
-11.91300E-03,-492.96904E-03,-39.05150890E+00
-11.89650E-03,-492.96904E-03,-37.04145861E+00
-11.88000E-03,+1.51708126E+00,-37.04145861E+00
-11.86350E-03,-492.96904E-03,-37.04145861E+00
-11.84700E-03,-492.96904E-03,-37.04145861E+00
-11.83050E-03,-492.96904E-03,-39.05150890E+00
-11.81400E-03,+1.51708126E+00,-39.05150890E+00
-11.79750E-03,-492.96904E-03,-37.04145861E+00
-11.78100E-03,-492.96904E-03,-39.05150890E+00
-11.76450E-03,-492.96904E-03,-39.05150890E+00
-11.74800E-03,+1.51708126E+00,-37.04145861E+00
-11.73150E-03,+1.51708126E+00,-39.05150890E+00
-11.71500E-03,+1.51708126E+00,-39.05150890E+00
-11.69850E-03,+1.51708126E+00,-39.05150890E+00
-11.68200E-03,+1.51708126E+00,-37.04145861E+00
-11.66550E-03,-492.96904E-03,-39.05150890E+00
-11.64900E-03,-492.96904E-03,-39.05150890E+00
-11.63250E-03,-492.96904E-03,-37.04145861E+00
-11.61600E-03,-492.96904E-03,-39.05150890E+00
-11.59950E-03,-492.96904E-03,-37.04145861E+00
-11.58300E-03,+1.51708126E+00,-39.05150890E+00
-11.56650E-03,-492.96904E-03,-37.04145861E+00
-11.55000E-03,-492.96904E-03,-39.05150890E+00
-11.53350E-03,+1.51708126E+00,-39.05150890E+00
-11.51700E-03,+1.51708126E+00,-39.05150890E+00
-11.50050E-03,+1.51708126E+00,-39.05150890E+00
-11.48400E-03,+1.51708126E+00,-39.05150890E+00
-11.46750E-03,+1.51708126E+00,-39.05150890E+00
-11.45100E-03,-492.96904E-03,-41.06155920E+00
-11.43450E-03,+1.51708126E+00,-39.05150890E+00
-11.41800E-03,-492.96904E-03,-41.06155920E+00
-11.40150E-03,+1.51708126E+00,-39.05150890E+00
-11.38500E-03,-492.96904E-03,-39.05150890E+00
-11.36850E-03,+1.51708126E+00,-41.06155920E+00
-11.35200E-03,-492.96904E-03,-39.05150890E+00
-11.33550E-03,-492.96904E-03,-41.06155920E+00
-11.31900E-03,+1.51708126E+00,-41.06155920E+00
-11.30250E-03,-492.96904E-03,-41.06155920E+00
-11.28600E-03,-492.96904E-03,-39.05150890E+00
-11.26950E-03,-492.96904E-03,-39.05150890E+00
-11.25300E-03,-492.96904E-03,-41.06155920E+00
-11.23650E-03,-492.96904E-03,-39.05150890E+00
-11.22000E-03,+1.51708126E+00,-39.05150890E+00
-11.20350E-03,-492.96904E-03,-41.06155920E+00
-11.18700E-03,+1.51708126E+00,-41.06155920E+00
-11.17050E-03,+1.51708126E+00,-41.06155920E+00
-11.15400E-03,-492.96904E-03,-41.06155920E+00
-11.13750E-03,+1.51708126E+00,-39.05150890E+00
-11.12100E-03,-492.96904E-03,-41.06155920E+00
-11.10450E-03,-492.96904E-03,-39.05150890E+00
-11.08800E-03,+1.51708126E+00,-41.06155920E+00
-11.07150E-03,+1.51708126E+00,-41.06155920E+00
-11.05500E-03,-492.96904E-03,-41.06155920E+00
-11.03850E-03,-492.96904E-03,-41.06155920E+00
-11.02200E-03,-492.96904E-03,-41.06155920E+00
-11.00550E-03,+1.51708126E+00,-41.06155920E+00
-10.98900E-03,+1.51708126E+00,-41.06155920E+00
-10.97250E-03,-492.96904E-03,-41.06155920E+00
-10.95600E-03,+1.51708126E+00,-43.07160950E+00
-10.93950E-03,-492.96904E-03,-41.06155920E+00
-10.92300E-03,-492.96904E-03,-41.06155920E+00
-10.90650E-03,-492.96904E-03,-41.06155920E+00
-10.89000E-03,-492.96904E-03,-43.07160950E+00
-10.87350E-03,+1.51708126E+00,-43.07160950E+00
-10.85700E-03,-492.96904E-03,-41.06155920E+00
-10.84050E-03,+1.51708126E+00,-43.07160950E+00
-10.82400E-03,-492.96904E-03,-41.06155920E+00
-10.80750E-03,-492.96904E-03,-41.06155920E+00
-10.79100E-03,-492.96904E-03,-43.07160950E+00
-10.77450E-03,-492.96904E-03,-41.06155920E+00
-10.75800E-03,-492.96904E-03,-43.07160950E+00
-10.74150E-03,-492.96904E-03,-43.07160950E+00
-10.72500E-03,-492.96904E-03,-43.07160950E+00
-10.70850E-03,-492.96904E-03,-43.07160950E+00
-10.69200E-03,-492.96904E-03,-43.07160950E+00
-10.67550E-03,+1.51708126E+00,-43.07160950E+00
-10.65900E-03,+1.51708126E+00,-43.07160950E+00
-10.64250E-03,-492.96904E-03,-41.06155920E+00
-10.62600E-03,+1.51708126E+00,-45.08165979E+00
-10.60950E-03,-492.96904E-03,-43.07160950E+00
-10.59300E-03,-492.96904E-03,-43.07160950E+00
-10.57650E-03,+1.51708126E+00,-43.07160950E+00
-10.56000E-03,-492.96903E-03,-43.07160950E+00
-10.54350E-03,+1.51708126E+00,-43.07160950E+00
-10.52700E-03,+1.51708126E+00,-43.07160950E+00
-10.51050E-03,+1.51708126E+00,-43.07160950E+00
-10.49400E-03,-492.96903E-03,-43.07160950E+00
-10.47750E-03,-492.96903E-03,-45.08165979E+00
-10.46100E-03,-492.96903E-03,-43.07160950E+00
-10.44450E-03,+1.51708126E+00,-43.07160950E+00
-10.42800E-03,+1.51708126E+00,-43.07160950E+00
-10.41150E-03,+1.51708126E+00,-43.07160950E+00
-10.39500E-03,-492.96904E-03,-43.07160950E+00
-10.37850E-03,-492.96903E-03,-43.07160950E+00
-10.36200E-03,-492.96903E-03,-43.07160950E+00
-10.34550E-03,-492.96903E-03,-45.08165979E+00
-10.32900E-03,+1.51708126E+00,-45.08165979E+00
-10.31250E-03,+1.51708126E+00,-43.07160950E+00
-10.29600E-03,+1.51708126E+00,-43.07160950E+00
-10.27950E-03,+1.51708126E+00,-45.08165979E+00
-10.26300E-03,-492.96903E-03,-45.08165979E+00
-10.24650E-03,-492.96903E-03,-43.07160950E+00
-10.23000E-03,+1.51708126E+00,-45.08165979E+00
-10.21350E-03,+1.51708126E+00,-45.08165979E+00
-10.19700E-03,-492.96903E-03,-45.08165979E+00
-10.18050E-03,-492.96903E-03,-45.08165979E+00
-10.16400E-03,+1.51708126E+00,-43.07160950E+00
-10.14750E-03,-492.96903E-03,-43.07160950E+00
-10.13100E-03,-492.96903E-03,-45.08165979E+00
-10.11450E-03,+1.51708126E+00,-45.08165979E+00
-10.09800E-03,-492.96904E-03,-45.08165979E+00
-10.08150E-03,+1.51708126E+00,-45.08165979E+00
-10.06500E-03,+1.51708126E+00,-45.08165979E+00
-10.04850E-03,+1.51708126E+00,-45.08165979E+00
-10.03200E-03,-492.96904E-03,-45.08165979E+00
-10.01550E-03,-492.96904E-03,-45.08165979E+00
-9.99900E-03,-492.96904E-03,-45.08165979E+00
-9.98250E-03,+1.51708126E+00,-45.08165980E+00
-9.96600E-03,-492.96904E-03,-45.08165979E+00
-9.94950E-03,-492.96904E-03,-45.08165979E+00
-9.93300E-03,-492.96903E-03,-47.09171009E+00
-9.91650E-03,+1.51708126E+00,-47.09171009E+00
-9.90000E-03,-492.96904E-03,-47.09171009E+00
-9.88350E-03,-492.96904E-03,-45.08165980E+00
-9.86700E-03,-492.96904E-03,-45.08165979E+00
-9.85050E-03,-492.96904E-03,-45.08165980E+00
-9.83400E-03,-492.96904E-03,-45.08165980E+00
-9.81750E-03,+1.51708126E+00,-45.08165980E+00
-9.80100E-03,+1.51708126E+00,-47.09171009E+00
-9.78450E-03,-492.96903E-03,-47.09171009E+00
-9.76800E-03,-492.96903E-03,-47.09171009E+00
-9.75150E-03,+1.51708126E+00,-47.09171009E+00
-9.73500E-03,+1.51708126E+00,-47.09171009E+00
-9.71850E-03,+1.51708126E+00,-47.09171009E+00
-9.70200E-03,-492.96904E-03,-47.09171009E+00
-9.68550E-03,-492.96904E-03,-47.09171009E+00
-9.66900E-03,+1.51708126E+00,-47.09171009E+00
-9.65250E-03,+1.51708126E+00,-47.09171009E+00
-9.63600E-03,+1.51708126E+00,-47.09171009E+00
-9.61950E-03,+1.51708126E+00,-47.09171009E+00
-9.60300E-03,+1.51708126E+00,-47.09171009E+00
-9.58650E-03,+1.51708126E+00,-47.09171009E+00
-9.57000E-03,+1.51708126E+00,-47.09171009E+00
-9.55350E-03,-492.96904E-03,-47.09171009E+00
-9.53700E-03,+1.51708126E+00,-47.09171009E+00
-9.52050E-03,-492.96903E-03,-47.09171009E+00
-9.50400E-03,+1.51708126E+00,-45.08165979E+00
-9.48750E-03,-492.96904E-03,-45.08165980E+00
-9.47100E-03,-492.96904E-03,-45.08165979E+00
-9.45450E-03,-492.96904E-03,-47.09171009E+00
-9.43800E-03,-492.96904E-03,-45.08165979E+00
-9.42150E-03,+1.51708126E+00,-45.08165980E+00
-9.40500E-03,+1.51708126E+00,-45.08165980E+00
-9.38850E-03,+1.51708126E+00,-47.09171009E+00
-9.37200E-03,-492.96904E-03,-45.08165979E+00
-9.35550E-03,+1.51708126E+00,-45.08165979E+00
-9.33900E-03,-492.96903E-03,-45.08165979E+00
-9.32250E-03,-492.96904E-03,-45.08165979E+00
-9.30600E-03,+1.51708126E+00,-45.08165979E+00
-9.28950E-03,-492.96904E-03,-47.09171009E+00
-9.27300E-03,-492.96903E-03,-45.08165979E+00
-9.25650E-03,-492.96904E-03,-45.08165979E+00
-9.24000E-03,+1.51708126E+00,-45.08165979E+00
-9.22350E-03,+1.51708126E+00,-45.08165979E+00
-9.20700E-03,-492.96904E-03,-47.09171009E+00
-9.19050E-03,-492.96903E-03,-45.08165979E+00
-9.17400E-03,-492.96904E-03,-45.08165979E+00
-9.15750E-03,+1.51708126E+00,-45.08165979E+00
-9.14100E-03,-492.96904E-03,-45.08165979E+00
-9.12450E-03,-492.96903E-03,-45.08165979E+00
-9.10800E-03,+1.51708126E+00,-45.08165979E+00
-9.09150E-03,+1.51708126E+00,-45.08165979E+00
-9.07500E-03,-492.96903E-03,-43.07160950E+00
-9.05850E-03,+1.51708126E+00,-45.08165979E+00
-9.04200E-03,+1.51708126E+00,-45.08165979E+00
-9.02550E-03,-492.96903E-03,-43.07160950E+00
-9.00900E-03,-492.96903E-03,-45.08165979E+00
-8.99250E-03,-492.96904E-03,-43.07160950E+00
-8.97600E-03,-492.96904E-03,-43.07160950E+00
-8.95950E-03,-492.96903E-03,-43.07160950E+00
-8.94300E-03,-492.96903E-03,-45.08165979E+00
-8.92650E-03,-492.96903E-03,-43.07160950E+00
-8.91000E-03,-492.96904E-03,-43.07160950E+00
-8.89350E-03,+1.51708126E+00,-43.07160950E+00
-8.87700E-03,+1.51708126E+00,-43.07160950E+00
-8.86050E-03,-492.96903E-03,-43.07160950E+00
-8.84400E-03,-492.96903E-03,-45.08165979E+00
-8.82750E-03,-492.96904E-03,-43.07160950E+00
-8.81100E-03,-492.96903E-03,-41.06155920E+00
-8.79450E-03,-492.96903E-03,-43.07160950E+00
-8.77800E-03,+1.51708126E+00,-43.07160950E+00
-8.76150E-03,-492.96904E-03,-43.07160950E+00
-8.74500E-03,-492.96904E-03,-43.07160950E+00
-8.72850E-03,-492.96903E-03,-43.07160950E+00
-8.71200E-03,-492.96904E-03,-43.07160950E+00
-8.69550E-03,-492.96903E-03,-43.07160950E+00
-8.67900E-03,-492.96903E-03,-43.07160950E+00
-8.66250E-03,+1.51708126E+00,-43.07160950E+00
-8.64600E-03,-492.96904E-03,-41.06155920E+00
-8.62950E-03,-492.96903E-03,-41.06155920E+00
-8.61300E-03,-492.96903E-03,-41.06155920E+00
-8.59650E-03,+1.51708126E+00,-43.07160950E+00
-8.58000E-03,-492.96904E-03,-41.06155920E+00
-8.56350E-03,-492.96904E-03,-41.06155920E+00
-8.54700E-03,+1.51708126E+00,-41.06155920E+00
-8.53050E-03,+1.51708126E+00,-43.07160950E+00
-8.51400E-03,+1.51708126E+00,-43.07160950E+00
-8.49750E-03,-492.96904E-03,-41.06155920E+00
-8.48100E-03,+1.51708126E+00,-41.06155920E+00
-8.46450E-03,+1.51708126E+00,-41.06155920E+00
-8.44800E-03,-492.96904E-03,-41.06155920E+00
-8.43150E-03,+1.51708126E+00,-39.05150891E+00
-8.41500E-03,+1.51708126E+00,-39.05150890E+00
-8.39850E-03,+1.51708126E+00,-41.06155920E+00
-8.38200E-03,+1.51708126E+00,-41.06155920E+00
-8.36550E-03,-492.96904E-03,-39.05150891E+00
-8.34900E-03,+1.51708126E+00,-41.06155920E+00
-8.33250E-03,+1.51708126E+00,-41.06155920E+00
-8.31600E-03,+1.51708126E+00,-41.06155920E+00
-8.29950E-03,-492.96904E-03,-41.06155920E+00
-8.28300E-03,-492.96904E-03,-41.06155920E+00
-8.26650E-03,-492.96903E-03,-41.06155920E+00
-8.25000E-03,+1.51708126E+00,-41.06155920E+00
-8.23350E-03,+1.51708126E+00,-39.05150891E+00
-8.21700E-03,+1.51708126E+00,-39.05150890E+00
-8.20050E-03,+1.51708126E+00,-41.06155920E+00
-8.18400E-03,+1.51708126E+00,-41.06155920E+00
-8.16750E-03,+1.51708126E+00,-39.05150891E+00
-8.15100E-03,+1.51708126E+00,-41.06155920E+00
-8.13450E-03,-492.96904E-03,-41.06155920E+00
-8.11800E-03,-492.96903E-03,-39.05150890E+00
-8.10150E-03,+1.51708126E+00,-39.05150890E+00
-8.08500E-03,+1.51708126E+00,-39.05150891E+00
-8.06850E-03,-492.96903E-03,-39.05150890E+00
-8.05200E-03,-492.96903E-03,-39.05150890E+00
-8.03550E-03,+1.51708126E+00,-39.05150890E+00
-8.01900E-03,+1.51708126E+00,-39.05150890E+00
-8.00250E-03,-492.96904E-03,-39.05150890E+00
-7.98600E-03,+1.51708126E+00,-39.05150890E+00
-7.96950E-03,-492.96904E-03,-39.05150890E+00
-7.95300E-03,+1.51708126E+00,-39.05150890E+00
-7.93650E-03,-492.96904E-03,-37.04145861E+00
-7.92000E-03,-492.96904E-03,-37.04145861E+00
-7.90350E-03,+1.51708126E+00,-37.04145861E+00
-7.88700E-03,+1.51708126E+00,-39.05150890E+00
-7.87050E-03,+1.51708126E+00,-39.05150890E+00
-7.85400E-03,-492.96903E-03,-37.04145861E+00
-7.83750E-03,+1.51708126E+00,-37.04145861E+00
-7.82100E-03,-492.96903E-03,-37.04145861E+00
-7.80450E-03,-492.96904E-03,-39.05150890E+00
-7.78800E-03,+1.51708126E+00,-39.05150890E+00
-7.77150E-03,+3.52713156E+00,-37.04145861E+00
-7.75500E-03,+1.51708126E+00,-37.04145861E+00
-7.73850E-03,+1.51708126E+00,-37.04145861E+00
-7.72200E-03,-492.96903E-03,-37.04145861E+00
-7.70550E-03,+1.51708126E+00,-37.04145861E+00
-7.68900E-03,-492.96903E-03,-37.04145861E+00
-7.67250E-03,-492.96903E-03,-37.04145861E+00
-7.65600E-03,-492.96903E-03,-37.04145861E+00
-7.63950E-03,-492.96904E-03,-37.04145861E+00
-7.62300E-03,+1.51708126E+00,-37.04145861E+00
-7.60650E-03,-492.96904E-03,-35.03140831E+00
-7.59000E-03,-492.96904E-03,-37.04145861E+00
-7.57350E-03,-492.96904E-03,-37.04145861E+00
-7.55700E-03,-492.96904E-03,-37.04145861E+00
-7.54050E-03,-492.96904E-03,-37.04145861E+00
-7.52400E-03,-492.96903E-03,-37.04145861E+00
-7.50750E-03,+1.51708126E+00,-35.03140831E+00
-7.49100E-03,-492.96903E-03,-35.03140831E+00
-7.47450E-03,+1.51708126E+00,-35.03140831E+00
-7.45800E-03,-492.96903E-03,-37.04145861E+00
-7.44150E-03,+1.51708126E+00,-35.03140831E+00
-7.42500E-03,-492.96903E-03,-35.03140831E+00
-7.40850E-03,+1.51708126E+00,-35.03140831E+00
-7.39200E-03,+1.51708126E+00,-35.03140831E+00
-7.37550E-03,-492.96904E-03,-35.03140831E+00
-7.35900E-03,-492.96904E-03,-37.04145861E+00
-7.34250E-03,-492.96904E-03,-35.03140831E+00
-7.32600E-03,+1.51708126E+00,-35.03140831E+00
-7.30950E-03,-492.96903E-03,-35.03140831E+00
-7.29300E-03,+1.51708126E+00,-35.03140831E+00
-7.27650E-03,+1.51708126E+00,-37.04145861E+00
-7.26000E-03,-492.96903E-03,-35.03140831E+00
-7.24350E-03,-492.96904E-03,-35.03140831E+00
-7.22700E-03,-492.96903E-03,-35.03140831E+00
-7.21050E-03,-492.96903E-03,-35.03140831E+00
-7.19400E-03,+1.51708126E+00,-35.03140831E+00
-7.17750E-03,-492.96904E-03,-35.03140831E+00
-7.16100E-03,-492.96904E-03,-35.03140831E+00
-7.14450E-03,-492.96903E-03,-35.03140831E+00
-7.12800E-03,-492.96904E-03,-35.03140831E+00
-7.11150E-03,-492.96904E-03,-35.03140831E+00
-7.09500E-03,-492.96904E-03,-33.02135801E+00
-7.07850E-03,-492.96903E-03,-35.03140831E+00
-7.06200E-03,+1.51708126E+00,-33.02135801E+00
-7.04550E-03,-492.96903E-03,-35.03140831E+00
-7.02900E-03,-492.96904E-03,-33.02135801E+00
-7.01250E-03,+1.51708126E+00,-35.03140831E+00
-6.99600E-03,+1.51708126E+00,-35.03140831E+00
-6.97950E-03,-492.96904E-03,-35.03140831E+00
-6.96300E-03,+1.51708126E+00,-35.03140831E+00
-6.94650E-03,+1.51708126E+00,-33.02135801E+00
-6.93000E-03,-492.96904E-03,-33.02135801E+00
-6.91350E-03,+1.51708126E+00,-33.02135801E+00
-6.89700E-03,-492.96903E-03,-33.02135801E+00
-6.88050E-03,+1.51708126E+00,-33.02135801E+00
-6.86400E-03,+1.51708126E+00,-33.02135801E+00
-6.84750E-03,+1.51708126E+00,-33.02135801E+00
-6.83100E-03,-492.96903E-03,-33.02135801E+00
-6.81450E-03,+1.51708126E+00,-33.02135801E+00
-6.79800E-03,+1.51708126E+00,-31.01130772E+00
-6.78150E-03,-492.96904E-03,-33.02135801E+00
-6.76500E-03,+1.51708126E+00,-33.02135801E+00
-6.74850E-03,-492.96903E-03,-33.02135801E+00
-6.73200E-03,-492.96903E-03,-31.01130772E+00
-6.71550E-03,+1.51708126E+00,-33.02135801E+00
-6.69900E-03,+1.51708126E+00,-33.02135801E+00
-6.68250E-03,-492.96903E-03,-31.01130772E+00
-6.66600E-03,+1.51708126E+00,-31.01130772E+00
-6.64950E-03,-492.96904E-03,-33.02135801E+00
-6.63300E-03,-492.96904E-03,-31.01130772E+00
-6.61650E-03,+1.51708126E+00,-33.02135801E+00
-6.60000E-03,-492.96903E-03,-33.02135801E+00
-6.58350E-03,+1.51708126E+00,-33.02135801E+00
-6.56700E-03,+1.51708126E+00,-31.01130772E+00
-6.55050E-03,-492.96904E-03,-31.01130772E+00
-6.53400E-03,+1.51708126E+00,-31.01130772E+00
-6.51750E-03,+1.51708126E+00,-31.01130772E+00
-6.50100E-03,+1.51708126E+00,-31.01130772E+00
-6.48450E-03,-492.96903E-03,-31.01130772E+00
-6.46800E-03,-492.96904E-03,-33.02135801E+00
-6.45150E-03,+1.51708126E+00,-31.01130772E+00
-6.43500E-03,+1.51708126E+00,-31.01130772E+00
-6.41850E-03,+1.51708126E+00,-31.01130772E+00
-6.40200E-03,-492.96904E-03,-31.01130772E+00
-6.38550E-03,+1.51708126E+00,-31.01130771E+00
-6.36900E-03,+1.51708126E+00,-29.00125742E+00
-6.35250E-03,+1.51708126E+00,-31.01130772E+00
-6.33600E-03,-492.96904E-03,-31.01130772E+00
-6.31950E-03,+1.51708126E+00,-31.01130772E+00
-6.30300E-03,-492.96904E-03,-29.00125742E+00
-6.28650E-03,-492.96903E-03,-31.01130772E+00
-6.27000E-03,-492.96904E-03,-31.01130771E+00
-6.25350E-03,+1.51708126E+00,-31.01130772E+00
-6.23700E-03,-492.96903E-03,-31.01130772E+00
-6.22050E-03,+1.51708126E+00,-31.01130772E+00
-6.20400E-03,+1.51708126E+00,-31.01130771E+00
-6.18750E-03,+1.51708126E+00,-29.00125742E+00
-6.17100E-03,+1.51708126E+00,-29.00125742E+00
-6.15450E-03,-492.96904E-03,-29.00125742E+00
-6.13800E-03,+1.51708126E+00,-29.00125742E+00
-6.12150E-03,+1.51708126E+00,-29.00125742E+00
-6.10500E-03,+1.51708126E+00,-31.01130772E+00
-6.08850E-03,-492.96903E-03,-31.01130771E+00
-6.07200E-03,-492.96903E-03,-31.01130771E+00
-6.05550E-03,-492.96904E-03,-29.00125742E+00
-6.03900E-03,-492.96904E-03,-29.00125742E+00
-6.02250E-03,+1.51708126E+00,-29.00125742E+00
-6.00600E-03,+1.51708126E+00,-29.00125742E+00
-5.98950E-03,+1.51708126E+00,-29.00125742E+00
-5.97300E-03,+1.51708126E+00,-29.00125742E+00
-5.95650E-03,-492.96903E-03,-29.00125742E+00
-5.94000E-03,+1.51708126E+00,-29.00125742E+00
-5.92350E-03,-492.96904E-03,-29.00125742E+00
-5.90700E-03,+1.51708126E+00,-29.00125742E+00
-5.89050E-03,-492.96904E-03,-29.00125742E+00
-5.87400E-03,-492.96903E-03,-26.99120712E+00
-5.85750E-03,+1.51708126E+00,-29.00125742E+00
-5.84100E-03,+1.51708126E+00,-26.99120712E+00
-5.82450E-03,-492.96903E-03,-26.99120712E+00
-5.80800E-03,+1.51708126E+00,-29.00125742E+00
-5.79150E-03,-492.96903E-03,-29.00125742E+00
-5.77500E-03,+1.51708126E+00,-26.99120712E+00
-5.75850E-03,-492.96903E-03,-26.99120712E+00
-5.74200E-03,-492.96904E-03,-26.99120712E+00
-5.72550E-03,+1.51708126E+00,-29.00125742E+00
-5.70900E-03,-492.96904E-03,-26.99120712E+00
-5.69250E-03,-492.96903E-03,-26.99120712E+00
-5.67600E-03,+1.51708126E+00,-26.99120712E+00
-5.65950E-03,+1.51708126E+00,-26.99120712E+00
-5.64300E-03,-492.96904E-03,-29.00125742E+00
-5.62650E-03,-492.96904E-03,-26.99120712E+00
-5.61000E-03,-492.96903E-03,-26.99120712E+00
-5.59350E-03,-492.96904E-03,-26.99120712E+00
-5.57700E-03,+1.51708126E+00,-26.99120712E+00
-5.56050E-03,+1.51708126E+00,-26.99120712E+00
-5.54400E-03,+1.51708126E+00,-26.99120712E+00
-5.52750E-03,-492.96904E-03,-26.99120712E+00
-5.51100E-03,-492.96903E-03,-26.99120712E+00
-5.49450E-03,-492.96904E-03,-26.99120712E+00
-5.47800E-03,-492.96903E-03,-26.99120712E+00
-5.46150E-03,-492.96903E-03,-26.99120712E+00
-5.44500E-03,-492.96904E-03,-26.99120712E+00
-5.42850E-03,+1.51708126E+00,-24.98115683E+00
-5.41200E-03,+1.51708126E+00,-24.98115683E+00
-5.39550E-03,+1.51708126E+00,-24.98115683E+00
-5.37900E-03,+1.51708126E+00,-26.99120712E+00
-5.36250E-03,-492.96903E-03,-24.98115683E+00
-5.34600E-03,+1.51708126E+00,-26.99120712E+00
-5.32950E-03,-492.96904E-03,-24.98115683E+00
-5.31300E-03,-492.96903E-03,-24.98115683E+00
-5.29650E-03,-492.96904E-03,-26.99120712E+00
-5.28000E-03,-492.96904E-03,-26.99120712E+00
-5.26350E-03,-492.96904E-03,-24.98115683E+00
-5.24700E-03,-492.96904E-03,-24.98115683E+00
-5.23050E-03,+1.51708126E+00,-24.98115683E+00
-5.21400E-03,+1.51708126E+00,-24.98115683E+00
-5.19750E-03,+1.51708126E+00,-24.98115683E+00
-5.18100E-03,+1.51708126E+00,-24.98115683E+00
-5.16450E-03,-492.96903E-03,-24.98115683E+00
-5.14800E-03,-492.96903E-03,-24.98115683E+00
-5.13150E-03,+1.51708126E+00,-22.97110653E+00
-5.11500E-03,-492.96903E-03,-24.98115683E+00
-5.09850E-03,-492.96903E-03,-24.98115682E+00
-5.08200E-03,+1.51708126E+00,-24.98115683E+00
-5.06550E-03,+1.51708126E+00,-24.98115683E+00
-5.04900E-03,-492.96903E-03,-22.97110653E+00
-5.03250E-03,-492.96904E-03,-24.98115683E+00
-5.01600E-03,+1.51708126E+00,-22.97110653E+00
-4.99950E-03,+1.51708126E+00,-22.97110653E+00
-4.98300E-03,+1.51708126E+00,-24.98115683E+00
-4.96650E-03,-492.96904E-03,-22.97110653E+00
-4.95000E-03,+1.51708126E+00,-24.98115682E+00
-4.93350E-03,+1.51708126E+00,-22.97110653E+00
-4.91700E-03,+1.51708126E+00,-22.97110653E+00
-4.90050E-03,-492.96904E-03,-24.98115682E+00
-4.88400E-03,+1.51708126E+00,-22.97110653E+00
-4.86750E-03,+1.51708126E+00,-24.98115682E+00
-4.85100E-03,-492.96903E-03,-22.97110653E+00
-4.83450E-03,+1.51708126E+00,-22.97110653E+00
-4.81800E-03,+1.51708126E+00,-22.97110653E+00
-4.80150E-03,+1.51708126E+00,-22.97110653E+00
-4.78500E-03,-492.96903E-03,-22.97110653E+00
-4.76850E-03,-492.96903E-03,-22.97110653E+00
-4.75200E-03,+1.51708126E+00,-22.97110653E+00
-4.73550E-03,+1.51708126E+00,-22.97110653E+00
-4.71900E-03,+1.51708126E+00,-22.97110653E+00
-4.70250E-03,-492.96903E-03,-22.97110653E+00
-4.68600E-03,+1.51708126E+00,-22.97110653E+00
-4.66950E-03,+1.51708126E+00,-22.97110653E+00
-4.65300E-03,+1.51708126E+00,-22.97110653E+00
-4.63650E-03,+1.51708126E+00,-22.97110653E+00
-4.62000E-03,-492.96903E-03,-22.97110653E+00
-4.60350E-03,+1.51708126E+00,-20.96105623E+00
-4.58700E-03,+1.51708126E+00,-20.96105623E+00
-4.57050E-03,-492.96903E-03,-22.97110653E+00
-4.55400E-03,+1.51708126E+00,-22.97110653E+00
-4.53750E-03,+1.51708126E+00,-22.97110653E+00
-4.52100E-03,+1.51708126E+00,-20.96105623E+00
-4.50450E-03,+1.51708126E+00,-20.96105623E+00
-4.48800E-03,+1.51708126E+00,-20.96105623E+00
-4.47150E-03,+1.51708126E+00,-20.96105623E+00
-4.45500E-03,+3.52713156E+00,-20.96105623E+00
-4.43850E-03,+1.51708126E+00,-20.96105623E+00
-4.42200E-03,+7.54723215E+00,-20.96105623E+00
-4.40550E-03,+9.55728245E+00,-22.97110653E+00
-4.38900E-03,+15.58743334E+00,-20.96105623E+00
-4.37250E-03,+13.57738304E+00,-18.95100594E+00
-4.35600E-03,+7.54723215E+00,-20.96105623E+00
-4.33950E-03,+11.56733275E+00,-20.96105623E+00
-4.32300E-03,+15.58743333E+00,-20.96105623E+00
-4.30650E-03,+41.71808719E+00,-20.96105623E+00
-4.29000E-03,+23.62763453E+00,-20.96105623E+00
-4.27350E-03,+41.71808720E+00,-20.96105623E+00
-4.25700E-03,+63.82864045E+00,-20.96105623E+00
-4.24050E-03,+51.76833866E+00,-20.96105623E+00
-4.22400E-03,+71.86884165E+00,-20.96105623E+00
-4.20750E-03,+39.70803691E+00,-18.95100594E+00
-4.19100E-03,+23.62763451E+00,-18.95100594E+00
-4.17450E-03,+17.59748363E+00,-20.96105623E+00
-4.15800E-03,+27.64773511E+00,-20.96105623E+00
-4.14150E-03,+23.62763452E+00,-20.96105623E+00
-4.12500E-03,+33.67788601E+00,-18.95100594E+00
-4.10850E-03,+25.63768481E+00,-20.96105623E+00
-4.09200E-03,+17.59748364E+00,-18.95100594E+00
-4.07550E-03,+17.59748363E+00,-18.95100594E+00
-4.05900E-03,+19.60753393E+00,-18.95100594E+00
-4.04250E-03,+13.57738304E+00,-18.95100594E+00
-4.02600E-03,+11.56733275E+00,-20.96105623E+00
-4.00950E-03,+13.57738304E+00,-20.96105623E+00
-3.99300E-03,+19.60753393E+00,-18.95100594E+00
-3.97650E-03,+13.57738305E+00,-18.95100594E+00
-3.96000E-03,+17.59748363E+00,-18.95100594E+00
-3.94350E-03,+7.54723215E+00,-18.95100594E+00
-3.92700E-03,+11.56733274E+00,-18.95100594E+00
-3.91050E-03,+13.57738304E+00,-18.95100594E+00
-3.89400E-03,+7.54723215E+00,-18.95100594E+00
-3.87750E-03,+11.56733274E+00,-18.95100594E+00
-3.86100E-03,+9.55728245E+00,-18.95100594E+00
-3.84450E-03,+9.55728245E+00,-18.95100594E+00
-3.82800E-03,+7.54723215E+00,-18.95100594E+00
-3.81150E-03,+9.55728245E+00,-18.95100594E+00
-3.79500E-03,+9.55728245E+00,-18.95100594E+00
-3.77850E-03,+11.56733274E+00,-16.94095564E+00
-3.76200E-03,+5.53718185E+00,-18.95100594E+00
-3.74550E-03,+9.55728245E+00,-16.94095564E+00
-3.72900E-03,+5.53718186E+00,-16.94095564E+00
-3.71250E-03,+7.54723215E+00,-18.95100593E+00
-3.69600E-03,+7.54723215E+00,-16.94095564E+00
-3.67950E-03,+7.54723215E+00,-18.95100593E+00
-3.66300E-03,+7.54723215E+00,-18.95100594E+00
-3.64650E-03,+7.54723215E+00,-16.94095564E+00
-3.63000E-03,+3.52713156E+00,-18.95100593E+00
-3.61350E-03,+5.53718185E+00,-16.94095564E+00
-3.59700E-03,+5.53718186E+00,-18.95100594E+00
-3.58050E-03,+3.52713156E+00,-18.95100594E+00
-3.56400E-03,+3.52713156E+00,-16.94095564E+00
-3.54750E-03,+5.53718186E+00,-16.94095564E+00
-3.53100E-03,+3.52713156E+00,-16.94095564E+00
-3.51450E-03,+3.52713156E+00,-16.94095564E+00
-3.49800E-03,+5.53718185E+00,-16.94095564E+00
-3.48150E-03,+3.52713156E+00,-16.94095564E+00
-3.46500E-03,+3.52713156E+00,-16.94095564E+00
-3.44850E-03,+5.53718185E+00,-16.94095564E+00
-3.43200E-03,+5.53718185E+00,-16.94095564E+00
-3.41550E-03,+5.53718185E+00,-16.94095564E+00
-3.39900E-03,+3.52713156E+00,-16.94095564E+00
-3.38250E-03,+3.52713156E+00,-16.94095564E+00
-3.36600E-03,+5.53718185E+00,-16.94095564E+00
-3.34950E-03,+3.52713156E+00,-14.93090534E+00
-3.33300E-03,+1.51708126E+00,-16.94095564E+00
-3.31650E-03,+3.52713156E+00,-16.94095564E+00
-3.30000E-03,+3.52713156E+00,-16.94095564E+00
-3.28350E-03,+5.53718185E+00,-16.94095564E+00
-3.26700E-03,+3.52713156E+00,-16.94095564E+00
-3.25050E-03,+3.52713156E+00,-16.94095564E+00
-3.23400E-03,+3.52713156E+00,-14.93090534E+00
-3.21750E-03,+3.52713156E+00,-16.94095564E+00
-3.20100E-03,+5.53718185E+00,-14.93090534E+00
-3.18450E-03,+3.52713156E+00,-14.93090534E+00
-3.16800E-03,+3.52713156E+00,-14.93090534E+00
-3.15150E-03,+3.52713156E+00,-14.93090534E+00
-3.13500E-03,+3.52713156E+00,-14.93090534E+00
-3.11850E-03,+3.52713156E+00,-14.93090534E+00
-3.10200E-03,+3.52713156E+00,-12.92085505E+00
-3.08550E-03,+3.52713156E+00,-14.93090534E+00
-3.06900E-03,+3.52713156E+00,-14.93090534E+00
-3.05250E-03,+3.52713156E+00,-14.93090534E+00
-3.03600E-03,+3.52713156E+00,-14.93090534E+00
-3.01950E-03,+1.51708126E+00,-14.93090534E+00
-3.00300E-03,+1.51708126E+00,-14.93090534E+00
-2.98650E-03,+3.52713156E+00,-14.93090534E+00
-2.97000E-03,+1.51708126E+00,-14.93090534E+00
-2.95350E-03,+1.51708126E+00,-14.93090534E+00
-2.93700E-03,+3.52713156E+00,-14.93090534E+00
-2.92050E-03,+3.52713156E+00,-14.93090534E+00
-2.90400E-03,+3.52713156E+00,-14.93090534E+00
-2.88750E-03,+3.52713156E+00,-14.93090534E+00
-2.87100E-03,+3.52713156E+00,-14.93090534E+00
-2.85450E-03,+3.52713156E+00,-12.92085505E+00
-2.83800E-03,+5.53718185E+00,-14.93090534E+00
-2.82150E-03,+5.53718185E+00,-14.93090534E+00
-2.80500E-03,+7.54723215E+00,-12.92085505E+00
-2.78850E-03,+7.54723215E+00,-14.93090534E+00
-2.77200E-03,+9.55728245E+00,-14.93090534E+00
-2.75550E-03,+13.57738304E+00,-14.93090534E+00
-2.73900E-03,+17.59748363E+00,-12.92085505E+00
-2.72250E-03,+19.60753393E+00,-10.91080475E+00
-2.70600E-03,+25.63768482E+00,-12.92085505E+00
-2.68950E-03,+33.67788601E+00,-12.92085505E+00
-2.67300E-03,+43.72813749E+00,-12.92085505E+00
-2.65650E-03,+53.77838898E+00,-12.92085505E+00
-2.64000E-03,+65.83869076E+00,-12.92085505E+00
-2.62350E-03,+79.90904283E+00,-12.92085505E+00
-2.60700E-03,+100.00954580E+00,-12.92085505E+00
-2.59050E-03,+106.03969669E+00,-12.92085505E+00
-2.57400E-03,+95.98944521E+00,-12.92085505E+00
-2.55750E-03,+77.89899254E+00,-12.92085505E+00
-2.54100E-03,+59.80853987E+00,-12.92085505E+00
-2.52450E-03,+51.76833868E+00,-12.92085505E+00
-2.50800E-03,+45.73818779E+00,-12.92085505E+00
-2.49150E-03,+39.70803690E+00,-12.92085505E+00
-2.47500E-03,+37.69798660E+00,-12.92085505E+00
-2.45850E-03,+33.67788601E+00,-12.92085505E+00
-2.44200E-03,+33.67788601E+00,-10.91080475E+00
-2.42550E-03,+29.65778542E+00,-12.92085505E+00
-2.40900E-03,+27.64773512E+00,-10.91080475E+00
-2.39250E-03,+27.64773512E+00,-12.92085505E+00
-2.37600E-03,+23.62763453E+00,-12.92085504E+00
-2.35950E-03,+23.62763453E+00,-10.91080475E+00
-2.34300E-03,+23.62763452E+00,-12.92085504E+00
-2.32650E-03,+21.61758423E+00,-10.91080475E+00
-2.31000E-03,+21.61758423E+00,-12.92085504E+00
-2.29350E-03,+19.60753393E+00,-10.91080475E+00
-2.27700E-03,+19.60753393E+00,-10.91080475E+00
-2.26050E-03,+17.59748363E+00,-10.91080475E+00
-2.24400E-03,+17.59748363E+00,-10.91080475E+00
-2.22750E-03,+15.58743334E+00,-10.91080475E+00
-2.21100E-03,+15.58743334E+00,-10.91080475E+00
-2.19450E-03,+13.57738304E+00,-10.91080475E+00
-2.17800E-03,+13.57738304E+00,-10.91080475E+00
-2.16150E-03,+13.57738304E+00,-10.91080475E+00
-2.14500E-03,+11.56733275E+00,-10.91080475E+00
-2.12850E-03,+13.57738304E+00,-10.91080475E+00
-2.11200E-03,+11.56733274E+00,-10.91080475E+00
-2.09550E-03,+11.56733274E+00,-10.91080475E+00
-2.07900E-03,+11.56733274E+00,-10.91080475E+00
-2.06250E-03,+9.55728245E+00,-8.90075445E+00
-2.04600E-03,+11.56733274E+00,-8.90075445E+00
-2.02950E-03,+9.55728245E+00,-10.91080475E+00
-2.01300E-03,+9.55728245E+00,-8.90075445E+00
-1.99650E-03,+7.54723215E+00,-10.91080475E+00
-1.98000E-03,+7.54723215E+00,-10.91080475E+00
-1.96350E-03,+5.53718186E+00,-10.91080475E+00
-1.94700E-03,+7.54723215E+00,-10.91080475E+00
-1.93050E-03,+7.54723215E+00,-8.90075445E+00
-1.91400E-03,+5.53718185E+00,-8.90075445E+00
-1.89750E-03,+5.53718185E+00,-10.91080475E+00
-1.88100E-03,+5.53718185E+00,-8.90075445E+00
-1.86450E-03,+3.52713156E+00,-8.90075445E+00
-1.84800E-03,+3.52713156E+00,-8.90075445E+00
-1.83150E-03,+5.53718185E+00,-8.90075445E+00
-1.81500E-03,+3.52713156E+00,-8.90075445E+00
-1.79850E-03,+5.53718185E+00,-8.90075445E+00
-1.78200E-03,+5.53718185E+00,-8.90075445E+00
-1.76550E-03,+3.52713156E+00,-8.90075445E+00
-1.74900E-03,+5.53718185E+00,-8.90075445E+00
-1.73250E-03,+5.53718185E+00,-8.90075445E+00
-1.71600E-03,+5.53718185E+00,-8.90075445E+00
-1.69950E-03,+5.53718186E+00,-8.90075445E+00
-1.68300E-03,+5.53718185E+00,-8.90075445E+00
-1.66650E-03,+5.53718186E+00,-8.90075445E+00
-1.65000E-03,+7.54723215E+00,-8.90075445E+00
-1.63350E-03,+7.54723215E+00,-8.90075445E+00
-1.61700E-03,+9.55728245E+00,-8.90075445E+00
-1.60050E-03,+9.55728245E+00,-6.89070416E+00
-1.58400E-03,+9.55728245E+00,-8.90075445E+00
-1.56750E-03,+11.56733274E+00,-6.89070415E+00
-1.55100E-03,+9.55728245E+00,-8.90075445E+00
-1.53450E-03,+11.56733274E+00,-8.90075445E+00
-1.51800E-03,+9.55728245E+00,-6.89070416E+00
-1.50150E-03,+9.55728245E+00,-6.89070416E+00
-1.48500E-03,+9.55728245E+00,-6.89070415E+00
-1.46850E-03,+9.55728245E+00,-6.89070416E+00
-1.45200E-03,+7.54723215E+00,-8.90075445E+00
-1.43550E-03,+7.54723215E+00,-6.89070415E+00
-1.41900E-03,+7.54723215E+00,-4.88065386E+00
-1.40250E-03,+5.53718186E+00,-6.89070416E+00
-1.38600E-03,+7.54723215E+00,-8.90075445E+00
-1.36950E-03,+7.54723215E+00,-6.89070415E+00
-1.35300E-03,+7.54723215E+00,-6.89070415E+00
-1.33650E-03,+5.53718185E+00,-8.90075445E+00
-1.32000E-03,+5.53718185E+00,-6.89070415E+00
-1.30350E-03,+5.53718185E+00,-6.89070415E+00
-1.28700E-03,+5.53718185E+00,-4.88065386E+00
-1.27050E-03,+5.53718185E+00,-6.89070415E+00
-1.25400E-03,+3.52713156E+00,-6.89070415E+00
-1.23750E-03,+5.53718185E+00,-6.89070415E+00
-1.22100E-03,+5.53718185E+00,-6.89070415E+00
-1.20450E-03,+5.53718185E+00,-6.89070415E+00
-1.18800E-03,+3.52713156E+00,-6.89070415E+00
-1.17150E-03,+3.52713156E+00,-6.89070415E+00
-1.15500E-03,+5.53718185E+00,-6.89070415E+00
-1.13850E-03,+3.52713156E+00,-4.88065386E+00
-1.12200E-03,+3.52713156E+00,-6.89070415E+00
-1.10550E-03,+3.52713156E+00,-4.88065386E+00
-1.08900E-03,+3.52713156E+00,-6.89070415E+00
-1.07250E-03,+3.52713156E+00,-6.89070415E+00
-1.05600E-03,+1.51708126E+00,-6.89070415E+00
-1.03950E-03,+3.52713156E+00,-6.89070415E+00
-1.02300E-03,+3.52713156E+00,-4.88065386E+00
-1.00650E-03,+3.52713156E+00,-4.88065386E+00
-990.00E-06,+1.51708126E+00,-4.88065386E+00
-973.50E-06,+1.51708126E+00,-4.88065386E+00
-957.00E-06,+1.51708126E+00,-4.88065386E+00
-940.50E-06,+1.51708126E+00,-4.88065386E+00
-924.00E-06,+3.52713156E+00,-4.88065386E+00
-907.50E-06,+1.51708126E+00,-4.88065386E+00
-891.00E-06,+1.51708126E+00,-4.88065386E+00
-874.50E-06,+3.52713156E+00,-4.88065386E+00
-858.00E-06,+3.52713156E+00,-4.88065386E+00
-841.50E-06,+1.51708126E+00,-4.88065386E+00
-825.00E-06,+1.51708126E+00,-4.88065386E+00
-808.50E-06,+1.51708126E+00,-4.88065386E+00
-792.00E-06,+1.51708126E+00,-4.88065386E+00
-775.50E-06,+1.51708126E+00,-4.88065386E+00
-759.00E-06,+1.51708126E+00,-2.87060356E+00
-742.50E-06,+1.51708126E+00,-4.88065386E+00
-726.00E-06,+1.51708126E+00,-4.88065386E+00
-709.50E-06,+1.51708126E+00,-4.88065386E+00
-693.00E-06,+1.51708126E+00,-2.87060356E+00
-676.50E-06,+1.51708126E+00,-2.87060356E+00
-660.00E-06,+1.51708126E+00,-2.87060356E+00
-643.50E-06,+1.51708126E+00,-4.88065386E+00
-627.00E-06,+1.51708126E+00,-4.88065386E+00
-610.50E-06,+1.51708126E+00,-2.87060356E+00
-594.00E-06,+3.52713156E+00,-2.87060356E+00
-577.50E-06,+1.51708126E+00,-4.88065386E+00
-561.00E-06,+1.51708126E+00,-2.87060356E+00
-544.50E-06,+1.51708126E+00,-4.88065386E+00
-528.00E-06,+1.51708126E+00,-2.87060356E+00
-511.50E-06,+1.51708126E+00,-2.87060356E+00
-495.00E-06,+1.51708126E+00,-4.88065386E+00
-478.50E-06,-492.96904E-03,-2.87060356E+00
-462.00E-06,-492.96903E-03,-2.87060356E+00
-445.50E-06,+1.51708126E+00,-2.87060356E+00
-429.00E-06,-492.96903E-03,-2.87060356E+00
-412.50E-06,-492.96903E-03,-2.87060356E+00
-396.00E-06,-492.96903E-03,-2.87060356E+00
-379.50E-06,-492.96903E-03,-2.87060356E+00
-363.00E-06,+1.51708126E+00,-2.87060356E+00
-346.50E-06,+1.51708126E+00,-860.55327E-03
-330.00E-06,+1.51708126E+00,-2.87060356E+00
-313.50E-06,+1.51708126E+00,-2.87060356E+00
-297.00E-06,+1.51708126E+00,-860.55326E-03
-280.50E-06,+1.51708126E+00,-2.87060356E+00
-264.00E-06,-492.96903E-03,-2.87060356E+00
-247.50E-06,-492.96903E-03,-2.87060356E+00
-231.00E-06,+1.51708126E+00,-2.87060356E+00
-214.50E-06,-492.96903E-03,-2.87060356E+00
-198.00E-06,-492.96903E-03,-2.87060356E+00
-181.50E-06,+1.51708126E+00,-860.55326E-03
-165.00E-06,+1.51708126E+00,-860.55327E-03
-148.50E-06,+1.51708126E+00,-2.87060356E+00
-132.00E-06,+1.51708126E+00,-2.87060356E+00
-115.50E-06,+1.51708126E+00,-860.55326E-03
-99.00E-06,-492.96903E-03,-860.55327E-03
-82.50E-06,+1.51708126E+00,-2.87060356E+00
-66.00E-06,+1.51708126E+00,-860.55326E-03
-49.50E-06,+1.51708126E+00,-860.55326E-03
-33.00E-06,+1.51708126E+00,-860.55326E-03
-16.50E-06,-492.96903E-03,-860.55326E-03
-0.0E+00,+1.51708126E+00,-860.55326E-03
+16.50E-06,+1.51708126E+00,-860.55326E-03
+33.00E-06,+1.51708126E+00,-860.55326E-03
+49.50E-06,-492.96903E-03,-860.55326E-03
+66.00E-06,+1.51708126E+00,-860.55326E-03
+82.50E-06,+1.51708126E+00,-860.55326E-03
+99.00E-06,+1.51708126E+00,-860.55326E-03
+115.50E-06,+1.51708126E+00,-860.55326E-03
+132.00E-06,+1.51708126E+00,-860.55326E-03
+148.50E-06,-492.96903E-03,-860.55326E-03
+165.00E-06,+1.51708126E+00,-860.55326E-03
+181.50E-06,+1.51708126E+00,-860.55326E-03
+198.00E-06,+1.51708126E+00,-860.55326E-03
+214.50E-06,+1.51708126E+00,-860.55326E-03
+231.00E-06,+3.52713156E+00,-860.55326E-03
+247.50E-06,+1.51708126E+00,+1.14949703E+00
+264.00E-06,+1.51708126E+00,+1.14949703E+00
+280.50E-06,+1.51708126E+00,+1.14949703E+00
+297.00E-06,+1.51708126E+00,+1.14949703E+00
+313.50E-06,+1.51708126E+00,+1.14949703E+00
+330.00E-06,+1.51708126E+00,-860.55326E-03
+346.50E-06,-492.96903E-03,-860.55326E-03
+363.00E-06,+1.51708126E+00,+1.14949703E+00
+379.50E-06,+1.51708126E+00,+1.14949703E+00
+396.00E-06,-492.96903E-03,-860.55326E-03
+412.50E-06,+1.51708126E+00,-860.55326E-03
+429.00E-06,+1.51708126E+00,+1.14949703E+00
+445.50E-06,+1.51708126E+00,+1.14949703E+00
+462.00E-06,+1.51708126E+00,+1.14949703E+00
+478.50E-06,+1.51708126E+00,+1.14949703E+00
+495.00E-06,+1.51708126E+00,+1.14949703E+00
+511.50E-06,+1.51708126E+00,+1.14949703E+00
+528.00E-06,+1.51708126E+00,+1.14949703E+00
+544.50E-06,+1.51708126E+00,+1.14949703E+00
+561.00E-06,+1.51708126E+00,+1.14949703E+00
+577.50E-06,-492.96903E-03,+1.14949703E+00
+594.00E-06,+1.51708126E+00,+3.15954733E+00
+610.50E-06,-492.96903E-03,+3.15954733E+00
+627.00E-06,+1.51708126E+00,+1.14949703E+00
+643.50E-06,+1.51708126E+00,+1.14949703E+00
+660.00E-06,-492.96903E-03,+3.15954733E+00
+676.50E-06,+1.51708126E+00,+1.14949703E+00
+693.00E-06,-492.96904E-03,+3.15954733E+00
+709.50E-06,+1.51708126E+00,+1.14949703E+00
+726.00E-06,-492.96904E-03,+1.14949703E+00
+742.50E-06,+1.51708126E+00,+3.15954733E+00
+759.00E-06,-492.96903E-03,+3.15954733E+00
+775.50E-06,+1.51708126E+00,+3.15954733E+00
+792.00E-06,-492.96903E-03,+3.15954733E+00
+808.50E-06,+1.51708126E+00,+3.15954733E+00
+825.00E-06,-492.96903E-03,+1.14949703E+00
+841.50E-06,+1.51708126E+00,+3.15954733E+00
+858.00E-06,+1.51708126E+00,+3.15954733E+00
+874.50E-06,+1.51708126E+00,+3.15954733E+00
+891.00E-06,+1.51708126E+00,+5.16959762E+00
+907.50E-06,+1.51708126E+00,+3.15954733E+00
+924.00E-06,+1.51708126E+00,+3.15954733E+00
+940.50E-06,+1.51708126E+00,+5.16959762E+00
+957.00E-06,+1.51708126E+00,+3.15954733E+00
+973.50E-06,+1.51708126E+00,+3.15954733E+00
+990.00E-06,+1.51708126E+00,+3.15954733E+00
+1.00650E-03,+1.51708126E+00,+3.15954733E+00
+1.02300E-03,+1.51708126E+00,+3.15954733E+00
+1.03950E-03,+1.51708126E+00,+3.15954733E+00
+1.05600E-03,+1.51708126E+00,+3.15954733E+00
+1.07250E-03,+1.51708126E+00,+5.16959763E+00
+1.08900E-03,+1.51708126E+00,+3.15954733E+00
+1.10550E-03,+1.51708126E+00,+5.16959762E+00
+1.12200E-03,+1.51708126E+00,+3.15954733E+00
+1.13850E-03,+1.51708126E+00,+3.15954733E+00
+1.15500E-03,-492.96903E-03,+3.15954733E+00
+1.17150E-03,+3.52713156E+00,+5.16959763E+00
+1.18800E-03,+1.51708126E+00,+5.16959763E+00
+1.20450E-03,+3.52713156E+00,+3.15954733E+00
+1.22100E-03,+5.53718185E+00,+7.17964792E+00
+1.23750E-03,+3.52713156E+00,+5.16959763E+00
+1.25400E-03,+1.51708126E+00,+5.16959763E+00
+1.27050E-03,+1.51708126E+00,+5.16959763E+00
+1.28700E-03,+1.51708126E+00,+5.16959763E+00
+1.30350E-03,+3.52713156E+00,+5.16959763E+00
+1.32000E-03,+9.55728245E+00,+5.16959763E+00
+1.33650E-03,+5.53718185E+00,+5.16959763E+00
+1.35300E-03,+7.54723215E+00,+5.16959763E+00
+1.36950E-03,+11.56733275E+00,+5.16959763E+00
+1.38600E-03,+15.58743334E+00,+5.16959763E+00
+1.40250E-03,+31.66783571E+00,+5.16959763E+00
+1.41900E-03,+33.67788601E+00,+5.16959763E+00
+1.43550E-03,+21.61758423E+00,+7.17964792E+00
+1.45200E-03,+79.90904284E+00,+5.16959763E+00
+1.46850E-03,+85.93919373E+00,+7.17964792E+00
+1.48500E-03,+110.05979729E+00,+5.16959763E+00
+1.50150E-03,+23.62763453E+00,+5.16959763E+00
+1.51800E-03,+73.87889194E+00,+5.16959763E+00
+1.53450E-03,+71.86884165E+00,+7.17964792E+00
+1.55100E-03,+63.82864046E+00,+5.16959763E+00
+1.56750E-03,+55.78843927E+00,+5.16959763E+00
+1.58400E-03,+47.74823809E+00,+5.16959763E+00
+1.60050E-03,+41.71808720E+00,+7.17964792E+00
+1.61700E-03,+33.67788601E+00,+7.17964792E+00
+1.63350E-03,+31.66783571E+00,+5.16959763E+00
+1.65000E-03,+31.66783571E+00,+7.17964792E+00
+1.66650E-03,+29.65778541E+00,+7.17964792E+00
+1.68300E-03,+25.63768482E+00,+7.17964792E+00
+1.69950E-03,+27.64773512E+00,+7.17964792E+00
+1.71600E-03,+25.63768482E+00,+9.18969822E+00
+1.73250E-03,+25.63768482E+00,+7.17964792E+00
+1.74900E-03,+23.62763452E+00,+7.17964792E+00
+1.76550E-03,+21.61758423E+00,+5.16959763E+00
+1.78200E-03,+17.59748363E+00,+7.17964792E+00
+1.79850E-03,+15.58743334E+00,+7.17964792E+00
+1.81500E-03,+15.58743334E+00,+5.16959763E+00
+1.83150E-03,+9.55728245E+00,+7.17964792E+00
+1.84800E-03,+11.56733274E+00,+7.17964792E+00
+1.86450E-03,+13.57738304E+00,+7.17964792E+00
+1.88100E-03,+13.57738304E+00,+7.17964792E+00
+1.89750E-03,+13.57738304E+00,+7.17964792E+00
+1.91400E-03,+5.53718185E+00,+7.17964792E+00
+1.93050E-03,+11.56733274E+00,+7.17964792E+00
+1.94700E-03,+1.51708127E+00,+7.17964792E+00
+1.96350E-03,+5.53718186E+00,+9.18969822E+00
+1.98000E-03,+7.54723215E+00,+7.17964792E+00
+1.99650E-03,+7.54723215E+00,+9.18969822E+00
+2.01300E-03,+5.53718186E+00,+7.17964792E+00
+2.02950E-03,+3.52713156E+00,+7.17964792E+00
+2.04600E-03,+5.53718186E+00,+9.18969822E+00
+2.06250E-03,+5.53718185E+00,+9.18969822E+00
+2.07900E-03,+5.53718185E+00,+7.17964792E+00
+2.09550E-03,+3.52713156E+00,+9.18969822E+00
+2.11200E-03,+5.53718185E+00,+9.18969822E+00
+2.12850E-03,+1.51708126E+00,+7.17964792E+00
+2.14500E-03,+3.52713156E+00,+9.18969822E+00
+2.16150E-03,+3.52713156E+00,+9.18969822E+00
+2.17800E-03,+5.53718185E+00,+9.18969822E+00
+2.19450E-03,+1.51708126E+00,+9.18969822E+00
+2.21100E-03,+3.52713156E+00,+7.17964792E+00
+2.22750E-03,+1.51708126E+00,+9.18969822E+00
+2.24400E-03,+3.52713156E+00,+9.18969822E+00
+2.26050E-03,+3.52713156E+00,+9.18969822E+00
+2.27700E-03,+1.51708126E+00,+9.18969822E+00
+2.29350E-03,+3.52713156E+00,+9.18969822E+00
+2.31000E-03,+1.51708126E+00,+9.18969822E+00
+2.32650E-03,+5.53718185E+00,+9.18969822E+00
+2.34300E-03,+1.51708126E+00,+9.18969822E+00
+2.35950E-03,+1.51708126E+00,+9.18969822E+00
+2.37600E-03,+3.52713156E+00,+9.18969822E+00
+2.39250E-03,+1.51708126E+00,+9.18969822E+00
+2.40900E-03,+3.52713156E+00,+9.18969822E+00
+2.42550E-03,+3.52713156E+00,+9.18969822E+00
+2.44200E-03,+1.51708126E+00,+9.18969822E+00
+2.45850E-03,+3.52713156E+00,+11.19974851E+00
+2.47500E-03,+1.51708126E+00,+11.19974852E+00
+2.49150E-03,+1.51708126E+00,+11.19974852E+00
+2.50800E-03,+1.51708126E+00,+9.18969822E+00
+2.52450E-03,+3.52713156E+00,+11.19974851E+00
+2.54100E-03,+1.51708126E+00,+9.18969822E+00
+2.55750E-03,+3.52713156E+00,+11.19974852E+00
+2.57400E-03,+3.52713156E+00,+9.18969822E+00
+2.59050E-03,+5.53718185E+00,+11.19974852E+00
+2.60700E-03,+5.53718185E+00,+9.18969822E+00
+2.62350E-03,+5.53718185E+00,+11.19974852E+00
+2.64000E-03,+7.54723215E+00,+11.19974852E+00
+2.65650E-03,+9.55728245E+00,+11.19974852E+00
+2.67300E-03,+15.58743334E+00,+11.19974852E+00
+2.68950E-03,+11.56733274E+00,+13.20979881E+00
+2.70600E-03,+13.57738304E+00,+11.19974852E+00
+2.72250E-03,+17.59748363E+00,+11.19974852E+00
+2.73900E-03,+35.68793631E+00,+11.19974852E+00
+2.75550E-03,+45.73818779E+00,+11.19974852E+00
+2.77200E-03,+49.75828838E+00,+11.19974852E+00
+2.78850E-03,+57.79848957E+00,+11.19974852E+00
+2.80500E-03,+57.79848957E+00,+11.19974852E+00
+2.82150E-03,+53.77838898E+00,+11.19974852E+00
+2.83800E-03,+112.06984758E+00,+11.19974852E+00
+2.85450E-03,+41.71808720E+00,+11.19974852E+00
+2.87100E-03,+100.00954581E+00,+13.20979881E+00
+2.88750E-03,+31.66783572E+00,+13.20979881E+00
+2.90400E-03,+31.66783572E+00,+13.20979881E+00
+2.92050E-03,+57.79848957E+00,+13.20979881E+00
+2.93700E-03,+23.62763453E+00,+13.20979881E+00
+2.95350E-03,+33.67788600E+00,+13.20979881E+00
+2.97000E-03,+59.80853986E+00,+13.20979881E+00
+2.98650E-03,+51.76833868E+00,+11.19974852E+00
+3.00300E-03,+39.70803691E+00,+13.20979881E+00
+3.01950E-03,+29.65778542E+00,+11.19974852E+00
+3.03600E-03,+41.71808720E+00,+13.20979881E+00
+3.05250E-03,+35.68793630E+00,+13.20979881E+00
+3.06900E-03,+37.69798660E+00,+13.20979881E+00
+3.08550E-03,+21.61758423E+00,+13.20979881E+00
+3.10200E-03,+15.58743334E+00,+13.20979881E+00
+3.11850E-03,+19.60753393E+00,+13.20979881E+00
+3.13500E-03,+23.62763452E+00,+13.20979881E+00
+3.15150E-03,+23.62763453E+00,+13.20979881E+00
+3.16800E-03,+11.56733275E+00,+13.20979881E+00
+3.18450E-03,+9.55728245E+00,+13.20979881E+00
+3.20100E-03,+7.54723215E+00,+13.20979881E+00
+3.21750E-03,+15.58743333E+00,+13.20979881E+00
+3.23400E-03,+17.59748364E+00,+13.20979881E+00
+3.25050E-03,+7.54723215E+00,+15.21984911E+00
+3.26700E-03,+15.58743334E+00,+13.20979881E+00
+3.28350E-03,+11.56733275E+00,+13.20979881E+00
+3.30000E-03,+9.55728245E+00,+13.20979881E+00
+3.31650E-03,+5.53718186E+00,+13.20979881E+00
+3.33300E-03,+5.53718185E+00,+13.20979881E+00
+3.34950E-03,+7.54723215E+00,+13.20979881E+00
+3.36600E-03,+5.53718186E+00,+15.21984911E+00
+3.38250E-03,+3.52713156E+00,+15.21984911E+00
+3.39900E-03,+9.55728245E+00,+15.21984911E+00
+3.41550E-03,+5.53718185E+00,+15.21984911E+00
+3.43200E-03,+3.52713156E+00,+15.21984911E+00
+3.44850E-03,+7.54723215E+00,+15.21984911E+00
+3.46500E-03,+7.54723215E+00,+15.21984911E+00
+3.48150E-03,+7.54723215E+00,+15.21984911E+00
+3.49800E-03,+3.52713156E+00,+15.21984911E+00
+3.51450E-03,+5.53718185E+00,+15.21984911E+00
+3.53100E-03,+3.52713156E+00,+15.21984911E+00
+3.54750E-03,+7.54723215E+00,+15.21984911E+00
+3.56400E-03,+3.52713156E+00,+15.21984911E+00
+3.58050E-03,+5.53718185E+00,+13.20979881E+00
+3.59700E-03,+3.52713156E+00,+15.21984911E+00
+3.61350E-03,+5.53718185E+00,+15.21984911E+00
+3.63000E-03,+3.52713156E+00,+15.21984911E+00
+3.64650E-03,+5.53718185E+00,+15.21984911E+00
+3.66300E-03,+7.54723215E+00,+13.20979881E+00
+3.67950E-03,+3.52713156E+00,+15.21984911E+00
+3.69600E-03,+3.52713156E+00,+15.21984911E+00
+3.71250E-03,+5.53718185E+00,+15.21984911E+00
+3.72900E-03,+5.53718185E+00,+15.21984911E+00
+3.74550E-03,+5.53718186E+00,+17.22989940E+00
+3.76200E-03,+7.54723215E+00,+15.21984911E+00
+3.77850E-03,+3.52713156E+00,+17.22989940E+00
+3.79500E-03,+5.53718185E+00,+15.21984911E+00
+3.81150E-03,+7.54723215E+00,+17.22989941E+00
+3.82800E-03,+7.54723215E+00,+17.22989940E+00
+3.84450E-03,+7.54723215E+00,+17.22989941E+00
+3.86100E-03,+9.55728245E+00,+15.21984911E+00
+3.87750E-03,+9.55728245E+00,+17.22989941E+00
+3.89400E-03,+5.53718185E+00,+15.21984911E+00
+3.91050E-03,+7.54723215E+00,+17.22989941E+00
+3.92700E-03,+11.56733274E+00,+17.22989941E+00
+3.94350E-03,+5.53718185E+00,+17.22989940E+00
+3.96000E-03,+3.52713156E+00,+17.22989941E+00
+3.97650E-03,+5.53718186E+00,+17.22989941E+00
+3.99300E-03,+5.53718185E+00,+15.21984911E+00
+4.00950E-03,+5.53718185E+00,+19.23994970E+00
+4.02600E-03,+5.53718185E+00,+17.22989941E+00
+4.04250E-03,+3.52713156E+00,+17.22989941E+00
+4.05900E-03,+3.52713156E+00,+17.22989941E+00
+4.07550E-03,+3.52713156E+00,+17.22989941E+00
+4.09200E-03,+5.53718185E+00,+17.22989941E+00
+4.10850E-03,+3.52713156E+00,+17.22989941E+00
+4.12500E-03,+3.52713156E+00,+17.22989941E+00
+4.14150E-03,+3.52713156E+00,+17.22989941E+00
+4.15800E-03,+3.52713156E+00,+17.22989941E+00
+4.17450E-03,+3.52713156E+00,+17.22989941E+00
+4.19100E-03,+3.52713156E+00,+17.22989941E+00
+4.20750E-03,+3.52713156E+00,+17.22989941E+00
+4.22400E-03,+3.52713156E+00,+17.22989941E+00
+4.24050E-03,+3.52713156E+00,+17.22989941E+00
+4.25700E-03,+1.51708126E+00,+19.23994970E+00
+4.27350E-03,+3.52713156E+00,+17.22989941E+00
+4.29000E-03,+1.51708126E+00,+17.22989941E+00
+4.30650E-03,+1.51708126E+00,+17.22989941E+00
+4.32300E-03,+1.51708126E+00,+19.23994970E+00
+4.33950E-03,+1.51708126E+00,+17.22989941E+00
+4.35600E-03,+1.51708126E+00,+19.23994970E+00
+4.37250E-03,+1.51708126E+00,+19.23994970E+00
+4.38900E-03,+1.51708126E+00,+19.23994970E+00
+4.40550E-03,+1.51708126E+00,+19.23994970E+00
+4.42200E-03,+1.51708126E+00,+19.23994970E+00
+4.43850E-03,+1.51708126E+00,+19.23994970E+00
+4.45500E-03,+1.51708126E+00,+19.23994970E+00
+4.47150E-03,+1.51708126E+00,+19.23994970E+00
+4.48800E-03,+1.51708126E+00,+19.23994970E+00
+4.50450E-03,+1.51708126E+00,+19.23994970E+00
+4.52100E-03,+1.51708126E+00,+19.23994970E+00
+4.53750E-03,+1.51708126E+00,+19.23994970E+00
+4.55400E-03,+1.51708126E+00,+19.23994970E+00
+4.57050E-03,+1.51708126E+00,+19.23994970E+00
+4.58700E-03,+1.51708126E+00,+19.23994970E+00
+4.60350E-03,+3.52713155E+00,+19.23994970E+00
+4.62000E-03,+1.51708126E+00,+19.23994970E+00
+4.63650E-03,+1.51708126E+00,+19.23994970E+00
+4.65300E-03,+1.51708126E+00,+19.23994970E+00
+4.66950E-03,-492.96903E-03,+19.23994970E+00
+4.68600E-03,+1.51708126E+00,+21.25000000E+00
+4.70250E-03,-492.96903E-03,+19.23994970E+00
+4.71900E-03,-492.96903E-03,+19.23994970E+00
+4.73550E-03,+1.51708126E+00,+21.25000000E+00
+4.75200E-03,-492.96904E-03,+19.23994970E+00
+4.76850E-03,+1.51708126E+00,+19.23994970E+00
+4.78500E-03,+1.51708126E+00,+21.25000000E+00
+4.80150E-03,+1.51708126E+00,+19.23994970E+00
+4.81800E-03,-492.96903E-03,+19.23994970E+00
+4.83450E-03,+1.51708126E+00,+19.23994970E+00
+4.85100E-03,+1.51708126E+00,+19.23994970E+00
+4.86750E-03,+1.51708126E+00,+21.25000000E+00
+4.88400E-03,+1.51708126E+00,+21.25000000E+00
+4.90050E-03,+1.51708126E+00,+21.25000000E+00
+4.91700E-03,+1.51708126E+00,+19.23994970E+00
+4.93350E-03,+1.51708126E+00,+19.23994970E+00
+4.95000E-03,+1.51708126E+00,+19.23994970E+00
+4.96650E-03,-492.96903E-03,+21.25000000E+00
+4.98300E-03,+1.51708126E+00,+19.23994970E+00
+4.99950E-03,+1.51708126E+00,+21.25000000E+00
+5.01600E-03,+1.51708126E+00,+21.25000000E+00
+5.03250E-03,+1.51708126E+00,+21.25000000E+00
+5.04900E-03,+1.51708126E+00,+21.25000000E+00
+5.06550E-03,-492.96903E-03,+21.25000000E+00
+5.08200E-03,+1.51708126E+00,+21.25000000E+00
+5.09850E-03,-492.96903E-03,+21.25000000E+00
+5.11500E-03,+1.51708126E+00,+21.25000000E+00
+5.13150E-03,+1.51708126E+00,+21.25000000E+00
+5.14800E-03,-492.96903E-03,+21.25000000E+00
+5.16450E-03,+1.51708126E+00,+23.26005030E+00
+5.18100E-03,+1.51708126E+00,+21.25000000E+00
+5.19750E-03,+1.51708126E+00,+23.26005030E+00
+5.21400E-03,+1.51708126E+00,+23.26005030E+00
+5.23050E-03,+1.51708126E+00,+23.26005030E+00
+5.24700E-03,-492.96903E-03,+21.25000000E+00
+5.26350E-03,+1.51708126E+00,+21.25000000E+00
+5.28000E-03,+1.51708126E+00,+23.26005030E+00
+5.29650E-03,+1.51708126E+00,+21.25000000E+00
+5.31300E-03,+1.51708126E+00,+23.26005030E+00
+5.32950E-03,+1.51708126E+00,+23.26005030E+00
+5.34600E-03,+1.51708126E+00,+23.26005030E+00
+5.36250E-03,+1.51708126E+00,+23.26005030E+00
+5.37900E-03,+1.51708126E+00,+21.25000000E+00
+5.39550E-03,-492.96903E-03,+23.26005030E+00
+5.41200E-03,+1.51708126E+00,+23.26005030E+00
+5.42850E-03,-492.96903E-03,+23.26005030E+00
+5.44500E-03,+1.51708126E+00,+23.26005030E+00
+5.46150E-03,-492.96903E-03,+23.26005030E+00
+5.47800E-03,+1.51708126E+00,+23.26005030E+00
+5.49450E-03,+1.51708126E+00,+23.26005030E+00
+5.51100E-03,+1.51708126E+00,+23.26005030E+00
+5.52750E-03,-492.96904E-03,+23.26005030E+00
+5.54400E-03,+1.51708126E+00,+23.26005030E+00
+5.56050E-03,+1.51708126E+00,+23.26005030E+00
+5.57700E-03,+1.51708126E+00,+23.26005030E+00
+5.59350E-03,-492.96904E-03,+23.26005030E+00
+5.61000E-03,+1.51708126E+00,+23.26005030E+00
+5.62650E-03,+1.51708126E+00,+23.26005030E+00
+5.64300E-03,+1.51708126E+00,+23.26005030E+00
+5.65950E-03,-492.96903E-03,+23.26005030E+00
+5.67600E-03,+1.51708126E+00,+23.26005030E+00
+5.69250E-03,-492.96904E-03,+25.27010059E+00
+5.70900E-03,-492.96903E-03,+23.26005030E+00
+5.72550E-03,-492.96903E-03,+23.26005030E+00
+5.74200E-03,-492.96904E-03,+25.27010059E+00
+5.75850E-03,+1.51708126E+00,+25.27010059E+00
+5.77500E-03,+1.51708126E+00,+25.27010059E+00
+5.79150E-03,+1.51708126E+00,+23.26005030E+00
+5.80800E-03,+1.51708126E+00,+25.27010059E+00
+5.82450E-03,+1.51708126E+00,+23.26005030E+00
+5.84100E-03,+1.51708126E+00,+25.27010059E+00
+5.85750E-03,+1.51708126E+00,+25.27010059E+00
+5.87400E-03,-492.96904E-03,+25.27010059E+00
+5.89050E-03,-492.96904E-03,+25.27010059E+00
+5.90700E-03,+1.51708126E+00,+25.27010059E+00
+5.92350E-03,-492.96904E-03,+25.27010059E+00
+5.94000E-03,-492.96904E-03,+25.27010059E+00
+5.95650E-03,-492.96904E-03,+25.27010059E+00
+5.97300E-03,-492.96904E-03,+25.27010060E+00
+5.98950E-03,+1.51708126E+00,+25.27010059E+00
+6.00600E-03,+1.51708126E+00,+25.27010059E+00
+6.02250E-03,-492.96903E-03,+25.27010059E+00
+6.03900E-03,+1.51708126E+00,+25.27010059E+00
+6.05550E-03,+1.51708126E+00,+25.27010059E+00
+6.07200E-03,+1.51708126E+00,+25.27010059E+00
+6.08850E-03,+1.51708126E+00,+27.28015089E+00
+6.10500E-03,-492.96904E-03,+27.28015089E+00
+6.12150E-03,+1.51708126E+00,+25.27010059E+00
+6.13800E-03,+1.51708126E+00,+25.27010059E+00
+6.15450E-03,+1.51708126E+00,+27.28015089E+00
+6.17100E-03,+1.51708126E+00,+25.27010059E+00
+6.18750E-03,+1.51708126E+00,+25.27010060E+00
+6.20400E-03,+1.51708126E+00,+25.27010060E+00
+6.22050E-03,+3.52713156E+00,+27.28015089E+00
+6.23700E-03,+3.52713156E+00,+27.28015089E+00
+6.25350E-03,+3.52713156E+00,+27.28015089E+00
+6.27000E-03,+9.55728245E+00,+25.27010060E+00
+6.28650E-03,+11.56733274E+00,+25.27010059E+00
+6.30300E-03,+5.53718186E+00,+27.28015089E+00
+6.31950E-03,+15.58743334E+00,+27.28015089E+00
+6.33600E-03,+21.61758423E+00,+27.28015089E+00
+6.35250E-03,+27.64773512E+00,+27.28015089E+00
+6.36900E-03,+35.68793630E+00,+25.27010060E+00
+6.38550E-03,+33.67788602E+00,+27.28015089E+00
+6.40200E-03,+65.83869076E+00,+25.27010060E+00
+6.41850E-03,+63.82864045E+00,+27.28015089E+00
+6.43500E-03,+51.76833867E+00,+27.28015089E+00
+6.45150E-03,+55.78843927E+00,+27.28015089E+00
+6.46800E-03,+25.63768484E+00,+27.28015089E+00
+6.48450E-03,+23.62763453E+00,+29.29020119E+00
+6.50100E-03,+29.65778542E+00,+27.28015089E+00
+6.51750E-03,+31.66783571E+00,+27.28015089E+00
+6.53400E-03,+15.58743334E+00,+27.28015089E+00
+6.55050E-03,+11.56733275E+00,+27.28015089E+00
+6.56700E-03,+11.56733274E+00,+27.28015089E+00
+6.58350E-03,+11.56733275E+00,+27.28015089E+00
+6.60000E-03,+17.59748363E+00,+27.28015089E+00
+6.61650E-03,+19.60753393E+00,+27.28015089E+00
+6.63300E-03,+15.58743334E+00,+29.29020119E+00
+6.64950E-03,+17.59748363E+00,+29.29020119E+00
+6.66600E-03,+7.54723215E+00,+29.29020119E+00
+6.68250E-03,+13.57738304E+00,+29.29020119E+00
+6.69900E-03,+5.53718185E+00,+27.28015089E+00
+6.71550E-03,+11.56733274E+00,+29.29020119E+00
+6.73200E-03,+11.56733274E+00,+29.29020119E+00
+6.74850E-03,+11.56733275E+00,+29.29020119E+00
+6.76500E-03,+11.56733274E+00,+29.29020119E+00
+6.78150E-03,+7.54723215E+00,+29.29020119E+00
+6.79800E-03,+9.55728245E+00,+29.29020119E+00
+6.81450E-03,+3.52713156E+00,+29.29020119E+00
+6.83100E-03,+7.54723215E+00,+29.29020119E+00
+6.84750E-03,+5.53718185E+00,+29.29020119E+00
+6.86400E-03,+5.53718186E+00,+29.29020119E+00
+6.88050E-03,+3.52713156E+00,+29.29020119E+00
+6.89700E-03,+7.54723215E+00,+29.29020119E+00
+6.91350E-03,+7.54723215E+00,+29.29020119E+00
+6.93000E-03,+3.52713156E+00,+29.29020119E+00
+6.94650E-03,+3.52713156E+00,+29.29020119E+00
+6.96300E-03,+3.52713156E+00,+29.29020119E+00
+6.97950E-03,+3.52713156E+00,+29.29020119E+00
+6.99600E-03,+3.52713156E+00,+29.29020119E+00
+7.01250E-03,+1.51708126E+00,+29.29020119E+00
+7.02900E-03,+3.52713156E+00,+31.30025148E+00
+7.04550E-03,+5.53718185E+00,+31.30025148E+00
+7.06200E-03,+3.52713156E+00,+29.29020119E+00
+7.07850E-03,+3.52713156E+00,+29.29020119E+00
+7.09500E-03,+5.53718185E+00,+29.29020119E+00
+7.11150E-03,+5.53718185E+00,+31.30025148E+00
+7.12800E-03,+3.52713156E+00,+31.30025148E+00
+7.14450E-03,+3.52713156E+00,+29.29020119E+00
+7.16100E-03,+5.53718185E+00,+29.29020119E+00
+7.17750E-03,+5.53718185E+00,+29.29020119E+00
+7.19400E-03,+1.51708126E+00,+31.30025148E+00
+7.21050E-03,+3.52713156E+00,+29.29020119E+00
+7.22700E-03,+3.52713156E+00,+29.29020119E+00
+7.24350E-03,+3.52713156E+00,+29.29020119E+00
+7.26000E-03,+3.52713156E+00,+31.30025148E+00
+7.27650E-03,+3.52713156E+00,+31.30025148E+00
+7.29300E-03,+3.52713156E+00,+31.30025148E+00
+7.30950E-03,+3.52713156E+00,+31.30025148E+00
+7.32600E-03,+3.52713156E+00,+29.29020119E+00
+7.34250E-03,+3.52713156E+00,+29.29020119E+00
+7.35900E-03,+3.52713156E+00,+29.29020119E+00
+7.37550E-03,+3.52713156E+00,+31.30025148E+00
+7.39200E-03,+3.52713156E+00,+31.30025148E+00
+7.40850E-03,+1.51708126E+00,+31.30025148E+00
+7.42500E-03,+3.52713156E+00,+31.30025148E+00
+7.44150E-03,+3.52713156E+00,+31.30025148E+00
+7.45800E-03,+1.51708126E+00,+31.30025148E+00
+7.47450E-03,+3.52713156E+00,+31.30025148E+00
+7.49100E-03,+3.52713156E+00,+31.30025148E+00
+7.50750E-03,+3.52713156E+00,+31.30025148E+00
+7.52400E-03,+3.52713156E+00,+31.30025148E+00
+7.54050E-03,+3.52713156E+00,+33.31030178E+00
+7.55700E-03,+5.53718186E+00,+31.30025149E+00
+7.57350E-03,+9.55728245E+00,+31.30025148E+00
+7.59000E-03,+11.56733274E+00,+33.31030178E+00
+7.60650E-03,+15.58743334E+00,+31.30025149E+00
+7.62300E-03,+19.60753393E+00,+33.31030178E+00
+7.63950E-03,+27.64773512E+00,+31.30025149E+00
+7.65600E-03,+39.70803690E+00,+31.30025148E+00
+7.67250E-03,+53.77838898E+00,+33.31030178E+00
+7.68900E-03,+69.85879135E+00,+33.31030178E+00
+7.70550E-03,+85.93919372E+00,+31.30025149E+00
+7.72200E-03,+104.02964640E+00,+31.30025149E+00
+7.73850E-03,+95.98944521E+00,+33.31030178E+00
+7.75500E-03,+73.87889195E+00,+33.31030178E+00
+7.77150E-03,+59.80853987E+00,+33.31030178E+00
+7.78800E-03,+49.75828838E+00,+33.31030178E+00
+7.80450E-03,+45.73818779E+00,+33.31030178E+00
+7.82100E-03,+39.70803690E+00,+33.31030178E+00
+7.83750E-03,+33.67788601E+00,+33.31030178E+00
+7.85400E-03,+33.67788601E+00,+33.31030178E+00
+7.87050E-03,+29.65778542E+00,+33.31030178E+00
+7.88700E-03,+25.63768482E+00,+33.31030178E+00
+7.90350E-03,+25.63768482E+00,+33.31030178E+00
+7.92000E-03,+23.62763453E+00,+33.31030178E+00
+7.93650E-03,+21.61758423E+00,+33.31030178E+00
+7.95300E-03,+21.61758423E+00,+33.31030178E+00
+7.96950E-03,+19.60753393E+00,+33.31030178E+00
+7.98600E-03,+17.59748363E+00,+33.31030178E+00
+8.00250E-03,+17.59748363E+00,+35.32035208E+00
+8.01900E-03,+17.59748363E+00,+35.32035208E+00
+8.03550E-03,+17.59748363E+00,+35.32035208E+00
+8.05200E-03,+15.58743334E+00,+35.32035208E+00
+8.06850E-03,+13.57738304E+00,+33.31030178E+00
+8.08500E-03,+13.57738304E+00,+33.31030178E+00
+8.10150E-03,+13.57738304E+00,+35.32035208E+00
+8.11800E-03,+11.56733274E+00,+35.32035208E+00
+8.13450E-03,+11.56733274E+00,+35.32035208E+00
+8.15100E-03,+9.55728245E+00,+33.31030178E+00
+8.16750E-03,+9.55728245E+00,+35.32035208E+00
+8.18400E-03,+9.55728245E+00,+33.31030178E+00
+8.20050E-03,+9.55728245E+00,+35.32035208E+00
+8.21700E-03,+9.55728245E+00,+35.32035208E+00
+8.23350E-03,+7.54723215E+00,+35.32035208E+00
+8.25000E-03,+7.54723215E+00,+35.32035208E+00
+8.26650E-03,+7.54723215E+00,+35.32035208E+00
+8.28300E-03,+7.54723215E+00,+35.32035208E+00
+8.29950E-03,+5.53718185E+00,+35.32035208E+00
+8.31600E-03,+5.53718185E+00,+35.32035208E+00
+8.33250E-03,+7.54723215E+00,+35.32035208E+00
+8.34900E-03,+5.53718185E+00,+35.32035208E+00
+8.36550E-03,+5.53718185E+00,+35.32035208E+00
+8.38200E-03,+5.53718185E+00,+35.32035208E+00
+8.39850E-03,+3.52713156E+00,+35.32035208E+00
+8.41500E-03,+3.52713156E+00,+35.32035208E+00
+8.43150E-03,+3.52713156E+00,+35.32035208E+00
+8.44800E-03,+3.52713156E+00,+35.32035208E+00
+8.46450E-03,+5.53718185E+00,+35.32035208E+00
+8.48100E-03,+5.53718185E+00,+35.32035208E+00
+8.49750E-03,+5.53718185E+00,+37.33040237E+00
+8.51400E-03,+5.53718186E+00,+35.32035208E+00
+8.53050E-03,+7.54723215E+00,+35.32035208E+00
+8.54700E-03,+7.54723215E+00,+35.32035208E+00
+8.56350E-03,+7.54723215E+00,+35.32035208E+00
+8.58000E-03,+9.55728245E+00,+35.32035208E+00
+8.59650E-03,+7.54723215E+00,+37.33040237E+00
+8.61300E-03,+9.55728245E+00,+37.33040237E+00
+8.62950E-03,+7.54723215E+00,+37.33040237E+00
+8.64600E-03,+9.55728245E+00,+37.33040237E+00
+8.66250E-03,+9.55728245E+00,+37.33040237E+00
+8.67900E-03,+9.55728245E+00,+37.33040237E+00
+8.69550E-03,+9.55728245E+00,+37.33040237E+00
+8.71200E-03,+7.54723215E+00,+37.33040237E+00
+8.72850E-03,+7.54723215E+00,+37.33040237E+00
+8.74500E-03,+5.53718186E+00,+37.33040237E+00
+8.76150E-03,+5.53718185E+00,+37.33040237E+00
+8.77800E-03,+7.54723215E+00,+35.32035208E+00
+8.79450E-03,+5.53718185E+00,+37.33040237E+00
+8.81100E-03,+7.54723215E+00,+37.33040237E+00
+8.82750E-03,+5.53718185E+00,+37.33040237E+00
+8.84400E-03,+5.53718185E+00,+37.33040237E+00
+8.86050E-03,+5.53718185E+00,+37.33040238E+00
+8.87700E-03,+3.52713156E+00,+37.33040238E+00
+8.89350E-03,+3.52713156E+00,+37.33040237E+00
+8.91000E-03,+3.52713156E+00,+37.33040238E+00
+8.92650E-03,+3.52713156E+00,+39.34045267E+00
+8.94300E-03,+5.53718185E+00,+37.33040237E+00
+8.95950E-03,+3.52713156E+00,+37.33040238E+00
+8.97600E-03,+3.52713156E+00,+39.34045267E+00
+8.99250E-03,+3.52713156E+00,+39.34045267E+00
+9.00900E-03,+1.51708126E+00,+37.33040238E+00
+9.02550E-03,+3.52713156E+00,+39.34045267E+00
+9.04200E-03,+3.52713156E+00,+37.33040237E+00
+9.05850E-03,+3.52713156E+00,+37.33040238E+00
+9.07500E-03,+1.51708126E+00,+37.33040238E+00
+9.09150E-03,+1.51708126E+00,+39.34045267E+00
+9.10800E-03,+3.52713156E+00,+39.34045267E+00
+9.12450E-03,+3.52713156E+00,+37.33040238E+00
+9.14100E-03,+3.52713156E+00,+37.33040238E+00
+9.15750E-03,+3.52713156E+00,+41.35050296E+00
+9.17400E-03,+1.51708126E+00,+39.34045267E+00
+9.19050E-03,+1.51708126E+00,+37.33040238E+00
+9.20700E-03,+1.51708126E+00,+39.34045267E+00
+9.22350E-03,+1.51708126E+00,+39.34045267E+00
+9.24000E-03,+1.51708126E+00,+39.34045267E+00
+9.25650E-03,+1.51708126E+00,+39.34045267E+00
+9.27300E-03,+3.52713156E+00,+39.34045267E+00
+9.28950E-03,+1.51708126E+00,+37.33040238E+00
+9.30600E-03,+1.51708126E+00,+39.34045267E+00
+9.32250E-03,+1.51708126E+00,+39.34045267E+00
+9.33900E-03,+1.51708126E+00,+41.35050297E+00
+9.35550E-03,+1.51708126E+00,+41.35050296E+00
+9.37200E-03,+1.51708126E+00,+39.34045267E+00
+9.38850E-03,+1.51708126E+00,+41.35050297E+00
+9.40500E-03,+1.51708126E+00,+41.35050297E+00
+9.42150E-03,+1.51708126E+00,+39.34045267E+00
+9.43800E-03,-492.96903E-03,+39.34045267E+00
+9.45450E-03,+1.51708126E+00,+39.34045267E+00
+9.47100E-03,-492.96903E-03,+41.35050297E+00
+9.48750E-03,-492.96903E-03,+41.35050297E+00
+9.50400E-03,+1.51708126E+00,+39.34045267E+00
+9.52050E-03,-492.96903E-03,+39.34045267E+00
+9.53700E-03,-492.96904E-03,+39.34045267E+00
+9.55350E-03,-492.96903E-03,+39.34045267E+00
+9.57000E-03,+1.51708126E+00,+41.35050297E+00
+9.58650E-03,-492.96904E-03,+41.35050297E+00
+9.60300E-03,+1.51708126E+00,+41.35050297E+00
+9.61950E-03,+1.51708126E+00,+41.35050297E+00
+9.63600E-03,+1.51708126E+00,+41.35050297E+00
+9.65250E-03,+1.51708126E+00,+39.34045267E+00
+9.66900E-03,-492.96903E-03,+41.35050297E+00
+9.68550E-03,-492.96904E-03,+41.35050297E+00
+9.70200E-03,+1.51708126E+00,+41.35050297E+00
+9.71850E-03,+1.51708126E+00,+39.34045267E+00
+9.73500E-03,+1.51708126E+00,+41.35050297E+00
+9.75150E-03,+1.51708126E+00,+41.35050297E+00
+9.76800E-03,-492.96903E-03,+41.35050297E+00
+9.78450E-03,-492.96904E-03,+43.36055326E+00
+9.80100E-03,+1.51708126E+00,+41.35050297E+00
+9.81750E-03,+1.51708126E+00,+41.35050297E+00
+9.83400E-03,+1.51708126E+00,+41.35050297E+00
+9.85050E-03,+1.51708126E+00,+41.35050297E+00
+9.86700E-03,-492.96904E-03,+41.35050297E+00
+9.88350E-03,+1.51708126E+00,+41.35050297E+00
+9.90000E-03,-492.96903E-03,+41.35050297E+00
+9.91650E-03,-492.96903E-03,+41.35050297E+00
+9.93300E-03,+1.51708126E+00,+43.36055326E+00
+9.94950E-03,+1.51708126E+00,+41.35050297E+00
+9.96600E-03,+1.51708126E+00,+43.36055326E+00
+9.98250E-03,+1.51708126E+00,+43.36055326E+00
+9.99900E-03,+1.51708126E+00,+43.36055326E+00
+10.01550E-03,+1.51708126E+00,+41.35050297E+00
+10.03200E-03,+1.51708126E+00,+41.35050297E+00
+10.04850E-03,+1.51708126E+00,+43.36055326E+00
+10.06500E-03,-492.96903E-03,+43.36055326E+00
+10.08150E-03,+1.51708126E+00,+41.35050297E+00
+10.09800E-03,+1.51708126E+00,+43.36055326E+00
+10.11450E-03,+1.51708126E+00,+43.36055327E+00
+10.13100E-03,+1.51708126E+00,+43.36055326E+00
+10.14750E-03,+1.51708126E+00,+41.35050297E+00
+10.16400E-03,+1.51708126E+00,+43.36055326E+00
+10.18050E-03,+1.51708126E+00,+43.36055326E+00
+10.19700E-03,+1.51708126E+00,+43.36055326E+00
+10.21350E-03,+1.51708126E+00,+43.36055326E+00
+10.23000E-03,+1.51708126E+00,+43.36055326E+00
+10.24650E-03,+1.51708126E+00,+43.36055326E+00
+10.26300E-03,+1.51708126E+00,+43.36055326E+00
+10.27950E-03,+1.51708126E+00,+43.36055327E+00
+10.29600E-03,+1.51708126E+00,+43.36055326E+00
+10.31250E-03,+1.51708126E+00,+41.35050297E+00
+10.32900E-03,+1.51708126E+00,+43.36055327E+00
+10.34550E-03,+1.51708126E+00,+43.36055326E+00
+10.36200E-03,-492.96903E-03,+43.36055326E+00
+10.37850E-03,+1.51708126E+00,+43.36055326E+00
+10.39500E-03,+1.51708126E+00,+43.36055327E+00
+10.41150E-03,-492.96903E-03,+43.36055326E+00
+10.42800E-03,+1.51708126E+00,+45.37060356E+00
+10.44450E-03,+1.51708126E+00,+43.36055326E+00
+10.46100E-03,+1.51708126E+00,+43.36055326E+00
+10.47750E-03,+1.51708126E+00,+43.36055326E+00
+10.49400E-03,+1.51708126E+00,+43.36055326E+00
+10.51050E-03,+1.51708126E+00,+43.36055326E+00
+10.52700E-03,+1.51708126E+00,+43.36055326E+00
+10.54350E-03,+1.51708126E+00,+41.35050297E+00
+10.56000E-03,+1.51708126E+00,+43.36055326E+00
+10.57650E-03,+1.51708126E+00,+43.36055326E+00
+10.59300E-03,+1.51708126E+00,+43.36055326E+00
+10.60950E-03,-492.96903E-03,+43.36055326E+00
+10.62600E-03,+1.51708126E+00,+41.35050297E+00
+10.64250E-03,+1.51708126E+00,+43.36055326E+00
+10.65900E-03,-492.96903E-03,+43.36055326E+00
+10.67550E-03,+1.51708126E+00,+41.35050297E+00
+10.69200E-03,+1.51708126E+00,+43.36055326E+00
+10.70850E-03,+1.51708126E+00,+43.36055326E+00
+10.72500E-03,+1.51708126E+00,+41.35050297E+00
+10.74150E-03,+1.51708126E+00,+41.35050297E+00
+10.75800E-03,+1.51708126E+00,+41.35050297E+00
+10.77450E-03,+1.51708126E+00,+41.35050297E+00
+10.79100E-03,+1.51708126E+00,+41.35050297E+00
+10.80750E-03,+1.51708126E+00,+41.35050297E+00
+10.82400E-03,-492.96903E-03,+43.36055326E+00
+10.84050E-03,-492.96903E-03,+41.35050297E+00
+10.85700E-03,-492.96904E-03,+39.34045267E+00
+10.87350E-03,+1.51708126E+00,+41.35050297E+00
+10.89000E-03,+1.51708126E+00,+41.35050297E+00
+10.90650E-03,-492.96903E-03,+41.35050297E+00
+10.92300E-03,+1.51708126E+00,+43.36055326E+00
+10.93950E-03,+1.51708126E+00,+41.35050297E+00
+10.95600E-03,+1.51708126E+00,+41.35050297E+00
+10.97250E-03,-492.96903E-03,+39.34045267E+00
+10.98900E-03,+1.51708126E+00,+41.35050297E+00
+11.00550E-03,+1.51708126E+00,+39.34045267E+00
+11.02200E-03,+1.51708126E+00,+39.34045267E+00
+11.03850E-03,+1.51708126E+00,+41.35050297E+00
+11.05500E-03,+1.51708126E+00,+39.34045267E+00
+11.07150E-03,+1.51708126E+00,+41.35050297E+00
+11.08800E-03,-492.96904E-03,+39.34045267E+00
+11.10450E-03,+1.51708126E+00,+39.34045267E+00
+11.12100E-03,+1.51708126E+00,+39.34045267E+00
+11.13750E-03,+1.51708126E+00,+41.35050297E+00
+11.15400E-03,+1.51708126E+00,+39.34045267E+00
+11.17050E-03,+1.51708126E+00,+39.34045267E+00
+11.18700E-03,+1.51708126E+00,+39.34045267E+00
+11.20350E-03,-492.96903E-03,+39.34045267E+00
+11.22000E-03,+1.51708126E+00,+39.34045267E+00
+11.23650E-03,+1.51708126E+00,+39.34045267E+00
+11.25300E-03,+1.51708126E+00,+39.34045267E+00
+11.26950E-03,+1.51708126E+00,+39.34045267E+00
+11.28600E-03,+1.51708126E+00,+39.34045267E+00
+11.30250E-03,+1.51708126E+00,+37.33040238E+00
+11.31900E-03,-492.96903E-03,+39.34045267E+00
+11.33550E-03,+1.51708126E+00,+39.34045267E+00
+11.35200E-03,+1.51708126E+00,+39.34045267E+00
+11.36850E-03,+1.51708126E+00,+39.34045267E+00
+11.38500E-03,+1.51708126E+00,+39.34045267E+00
+11.40150E-03,+1.51708126E+00,+39.34045267E+00
+11.41800E-03,+1.51708126E+00,+39.34045267E+00
+11.43450E-03,+1.51708126E+00,+37.33040238E+00
+11.45100E-03,+1.51708126E+00,+39.34045267E+00
+11.46750E-03,+1.51708126E+00,+37.33040237E+00
+11.48400E-03,+3.52713156E+00,+37.33040237E+00
+11.50050E-03,+3.52713156E+00,+39.34045267E+00
+11.51700E-03,+3.52713156E+00,+37.33040237E+00
+11.53350E-03,+1.51708126E+00,+37.33040237E+00
+11.55000E-03,+1.51708126E+00,+37.33040237E+00
+11.56650E-03,+1.51708126E+00,+37.33040237E+00
+11.58300E-03,+1.51708126E+00,+37.33040237E+00
+11.59950E-03,+1.51708126E+00,+37.33040237E+00
+11.61600E-03,+1.51708126E+00,+37.33040237E+00
+11.63250E-03,+1.51708126E+00,+37.33040237E+00
+11.64900E-03,+1.51708126E+00,+37.33040237E+00
+11.66550E-03,+1.51708126E+00,+35.32035208E+00
+11.68200E-03,+1.51708126E+00,+37.33040237E+00
+11.69850E-03,+1.51708126E+00,+37.33040237E+00
+11.71500E-03,-492.96903E-03,+37.33040237E+00
+11.73150E-03,+1.51708126E+00,+37.33040237E+00
+11.74800E-03,+1.51708126E+00,+37.33040237E+00
+11.76450E-03,+1.51708126E+00,+37.33040237E+00
+11.78100E-03,+1.51708126E+00,+35.32035208E+00
+11.79750E-03,+1.51708126E+00,+35.32035208E+00
+11.81400E-03,+1.51708126E+00,+37.33040237E+00
+11.83050E-03,-492.96903E-03,+37.33040237E+00
+11.84700E-03,+1.51708126E+00,+37.33040237E+00
+11.86350E-03,+1.51708126E+00,+37.33040237E+00
+11.88000E-03,-492.96903E-03,+35.32035208E+00
+11.89650E-03,+1.51708126E+00,+35.32035208E+00
+11.91300E-03,+1.51708126E+00,+35.32035208E+00
+11.92950E-03,-492.96904E-03,+35.32035208E+00
+11.94600E-03,-492.96903E-03,+35.32035208E+00
+11.96250E-03,-492.96903E-03,+35.32035208E+00
+11.97900E-03,-492.96904E-03,+35.32035208E+00
+11.99550E-03,+1.51708126E+00,+35.32035208E+00
+12.01200E-03,+1.51708126E+00,+35.32035208E+00
+12.02850E-03,+1.51708126E+00,+33.31030179E+00
+12.04500E-03,-492.96904E-03,+37.33040237E+00
+12.06150E-03,+1.51708126E+00,+35.32035208E+00
+12.07800E-03,+1.51708126E+00,+35.32035208E+00
+12.09450E-03,-492.96903E-03,+35.32035208E+00
+12.11100E-03,+1.51708126E+00,+35.32035208E+00
+12.12750E-03,+1.51708126E+00,+35.32035208E+00
+12.14400E-03,+1.51708126E+00,+35.32035208E+00
+12.16050E-03,-492.96903E-03,+35.32035208E+00
+12.17700E-03,+1.51708126E+00,+35.32035208E+00
+12.19350E-03,+1.51708126E+00,+33.31030178E+00
+12.21000E-03,-492.96903E-03,+35.32035208E+00
+12.22650E-03,+1.51708126E+00,+35.32035208E+00
+12.24300E-03,+1.51708126E+00,+35.32035208E+00
+12.25950E-03,-492.96904E-03,+35.32035208E+00
+12.27600E-03,+1.51708126E+00,+33.31030178E+00
+12.29250E-03,+1.51708126E+00,+35.32035208E+00
+12.30900E-03,+1.51708126E+00,+33.31030178E+00
+12.32550E-03,+1.51708126E+00,+33.31030178E+00
+12.34200E-03,-492.96903E-03,+33.31030178E+00
+12.35850E-03,-492.96903E-03,+33.31030178E+00
+12.37500E-03,+1.51708126E+00,+33.31030178E+00
+12.39150E-03,-492.96903E-03,+33.31030178E+00
+12.40800E-03,+1.51708126E+00,+35.32035208E+00
+12.42450E-03,+1.51708126E+00,+33.31030178E+00
+12.44100E-03,+1.51708126E+00,+33.31030178E+00
+12.45750E-03,+1.51708126E+00,+33.31030178E+00
+12.47400E-03,+1.51708126E+00,+33.31030178E+00
+12.49050E-03,+3.52713156E+00,+33.31030178E+00
+12.50700E-03,+1.51708126E+00,+33.31030178E+00
+12.52350E-03,-492.96904E-03,+33.31030178E+00
+12.54000E-03,+1.51708126E+00,+31.30025149E+00
+12.55650E-03,+1.51708126E+00,+33.31030178E+00
+12.57300E-03,+1.51708126E+00,+31.30025148E+00
+12.58950E-03,+1.51708126E+00,+33.31030178E+00
+12.60600E-03,-492.96903E-03,+31.30025149E+00
+12.62250E-03,+1.51708126E+00,+33.31030178E+00
+12.63900E-03,+1.51708126E+00,+31.30025149E+00
+12.65550E-03,+1.51708126E+00,+33.31030178E+00
+12.67200E-03,+1.51708126E+00,+33.31030178E+00
+12.68850E-03,+3.52713156E+00,+31.30025148E+00
+12.70500E-03,+1.51708126E+00,+33.31030178E+00
+12.72150E-03,+1.51708126E+00,+33.31030178E+00
+12.73800E-03,+1.51708126E+00,+33.31030178E+00
+12.75450E-03,+1.51708126E+00,+31.30025148E+00
+12.77100E-03,+1.51708126E+00,+31.30025148E+00
+12.78750E-03,+1.51708126E+00,+31.30025148E+00
+12.80400E-03,+1.51708126E+00,+31.30025148E+00
+12.82050E-03,+1.51708126E+00,+31.30025148E+00
+12.83700E-03,+1.51708126E+00,+31.30025148E+00
+12.85350E-03,+1.51708126E+00,+31.30025148E+00
+12.87000E-03,+1.51708126E+00,+33.31030178E+00
+12.88650E-03,+1.51708126E+00,+31.30025148E+00
+12.90300E-03,+1.51708126E+00,+31.30025148E+00
+12.91950E-03,+3.52713156E+00,+31.30025148E+00
+12.93600E-03,+3.52713155E+00,+31.30025148E+00
+12.95250E-03,+1.51708126E+00,+29.29020119E+00
+12.96900E-03,+3.52713156E+00,+31.30025149E+00
+12.98550E-03,+1.51708126E+00,+31.30025148E+00
+13.00200E-03,+3.52713156E+00,+31.30025148E+00
+13.01850E-03,+3.52713156E+00,+31.30025148E+00
+13.03500E-03,+3.52713156E+00,+29.29020119E+00
+13.05150E-03,+3.52713156E+00,+31.30025148E+00
+13.06800E-03,+3.52713156E+00,+31.30025148E+00
+13.08450E-03,+1.51708126E+00,+31.30025148E+00
+13.10100E-03,+3.52713156E+00,+29.29020119E+00
+13.11750E-03,+3.52713156E+00,+29.29020119E+00
+13.13400E-03,+3.52713156E+00,+29.29020119E+00
+13.15050E-03,+3.52713156E+00,+29.29020119E+00
+13.16700E-03,+5.53718185E+00,+31.30025148E+00
+13.18350E-03,+5.53718185E+00,+29.29020119E+00
+13.20000E-03,+3.52713156E+00,+29.29020119E+00
+13.21650E-03,+5.53718185E+00,+29.29020119E+00
+13.23300E-03,+3.52713156E+00,+29.29020119E+00
+13.24950E-03,+5.53718185E+00,+29.29020119E+00
+13.26600E-03,+5.53718185E+00,+29.29020119E+00
+13.28250E-03,+5.53718185E+00,+29.29020118E+00
+13.29900E-03,+5.53718185E+00,+29.29020119E+00
+13.31550E-03,+5.53718185E+00,+29.29020119E+00
+13.33200E-03,+5.53718185E+00,+29.29020119E+00
+13.34850E-03,+5.53718186E+00,+29.29020119E+00
+13.36500E-03,+5.53718185E+00,+29.29020119E+00
+13.38150E-03,+5.53718185E+00,+29.29020119E+00
+13.39800E-03,+5.53718186E+00,+29.29020119E+00
+13.41450E-03,+5.53718186E+00,+29.29020119E+00
+13.43100E-03,+7.54723215E+00,+27.28015089E+00
+13.44750E-03,+9.55728245E+00,+27.28015089E+00
+13.46400E-03,+9.55728245E+00,+29.29020119E+00
+13.48050E-03,+9.55728245E+00,+29.29020119E+00
+13.49700E-03,+9.55728245E+00,+29.29020119E+00
+13.51350E-03,+9.55728245E+00,+29.29020119E+00
+13.53000E-03,+9.55728245E+00,+27.28015089E+00
+13.54650E-03,+9.55728245E+00,+27.28015089E+00
+13.56300E-03,+7.54723215E+00,+27.28015089E+00
+13.57950E-03,+9.55728245E+00,+27.28015089E+00
+13.59600E-03,+7.54723215E+00,+29.29020118E+00
+13.61250E-03,+7.54723215E+00,+29.29020118E+00
+13.62900E-03,+7.54723215E+00,+27.28015089E+00
+13.64550E-03,+7.54723215E+00,+27.28015089E+00
+13.66200E-03,+5.53718185E+00,+27.28015089E+00
+13.67850E-03,+5.53718185E+00,+27.28015089E+00
+13.69500E-03,+5.53718185E+00,+27.28015089E+00
+13.71150E-03,+5.53718185E+00,+27.28015089E+00
+13.72800E-03,+5.53718185E+00,+27.28015089E+00
+13.74450E-03,+5.53718185E+00,+27.28015089E+00
+13.76100E-03,+3.52713156E+00,+27.28015089E+00
+13.77750E-03,+5.53718185E+00,+27.28015089E+00
+13.79400E-03,+3.52713156E+00,+27.28015089E+00
+13.81050E-03,+5.53718185E+00,+27.28015089E+00
+13.82700E-03,+3.52713156E+00,+25.27010060E+00
+13.84350E-03,+5.53718185E+00,+27.28015089E+00
+13.86000E-03,+3.52713156E+00,+27.28015089E+00
+13.87650E-03,+3.52713156E+00,+27.28015089E+00
+13.89300E-03,+5.53718185E+00,+27.28015089E+00
+13.90950E-03,+3.52713156E+00,+25.27010059E+00
+13.92600E-03,+5.53718185E+00,+27.28015089E+00
+13.94250E-03,+5.53718185E+00,+25.27010059E+00
+13.95900E-03,+7.54723215E+00,+27.28015089E+00
+13.97550E-03,+7.54723215E+00,+27.28015089E+00
+13.99200E-03,+7.54723215E+00,+25.27010059E+00
+14.00850E-03,+7.54723215E+00,+25.27010059E+00
+14.02500E-03,+9.55728245E+00,+27.28015089E+00
+14.04150E-03,+7.54723215E+00,+25.27010059E+00
+14.05800E-03,+9.55728245E+00,+27.28015089E+00
+14.07450E-03,+9.55728245E+00,+27.28015089E+00
+14.09100E-03,+11.56733274E+00,+25.27010059E+00
+14.10750E-03,+11.56733274E+00,+27.28015089E+00
+14.12400E-03,+13.57738304E+00,+25.27010059E+00
+14.14050E-03,+13.57738304E+00,+27.28015089E+00
+14.15700E-03,+13.57738304E+00,+25.27010059E+00
+14.17350E-03,+13.57738304E+00,+25.27010059E+00
+14.19000E-03,+13.57738304E+00,+25.27010059E+00
+14.20650E-03,+15.58743334E+00,+25.27010059E+00
+14.22300E-03,+15.58743334E+00,+25.27010059E+00
+14.23950E-03,+15.58743334E+00,+23.26005030E+00
+14.25600E-03,+17.59748363E+00,+25.27010059E+00
+14.27250E-03,+17.59748363E+00,+25.27010059E+00
+14.28900E-03,+19.60753393E+00,+25.27010059E+00
+14.30550E-03,+19.60753393E+00,+23.26005030E+00
+14.32200E-03,+21.61758423E+00,+25.27010059E+00
+14.33850E-03,+21.61758423E+00,+25.27010059E+00
+14.35500E-03,+23.62763453E+00,+23.26005030E+00
+14.37150E-03,+25.63768482E+00,+25.27010059E+00
+14.38800E-03,+25.63768482E+00,+23.26005030E+00
+14.40450E-03,+27.64773512E+00,+25.27010059E+00
+14.42100E-03,+31.66783571E+00,+25.27010059E+00
+14.43750E-03,+29.65778542E+00,+23.26005030E+00
+14.45400E-03,+33.67788601E+00,+25.27010059E+00
+14.47050E-03,+35.68793631E+00,+25.27010059E+00
+14.48700E-03,+39.70803690E+00,+23.26005030E+00
+14.50350E-03,+45.73818779E+00,+25.27010059E+00
+14.52000E-03,+49.75828838E+00,+23.26005030E+00
+14.53650E-03,+73.87889192E+00,+25.27010059E+00
+14.55300E-03,+77.89899254E+00,+25.27010059E+00
+14.56950E-03,+89.95929432E+00,+23.26005030E+00
+14.58600E-03,+110.05979728E+00,+23.26005030E+00
+14.60250E-03,+112.06984758E+00,+23.26005030E+00
+14.61900E-03,+100.00954581E+00,+23.26005030E+00
+14.63550E-03,+81.91909313E+00,+23.26005030E+00
+14.65200E-03,+67.84874105E+00,+23.26005030E+00
+14.66850E-03,+51.76833868E+00,+23.26005030E+00
+14.68500E-03,+37.69798660E+00,+23.26005030E+00
+14.70150E-03,+27.64773512E+00,+23.26005030E+00
+14.71800E-03,+19.60753393E+00,+23.26005030E+00
+14.73450E-03,+15.58743334E+00,+23.26005030E+00
+14.75100E-03,+11.56733274E+00,+21.25000000E+00
+14.76750E-03,+9.55728245E+00,+23.26005030E+00
+14.78400E-03,+7.54723215E+00,+21.25000000E+00
+14.80050E-03,+3.52713156E+00,+23.26005030E+00
+14.81700E-03,+3.52713156E+00,+21.25000000E+00
+14.83350E-03,+3.52713156E+00,+21.25000000E+00
+14.85000E-03,+3.52713156E+00,+23.26005029E+00
+14.86650E-03,+1.51708127E+00,+21.25000000E+00
+14.88300E-03,+3.52713156E+00,+21.25000000E+00
+14.89950E-03,+1.51708126E+00,+23.26005029E+00
+14.91600E-03,+3.52713156E+00,+23.26005029E+00
+14.93250E-03,+3.52713155E+00,+21.25000000E+00
+14.94900E-03,+3.52713156E+00,+23.26005029E+00
+14.96550E-03,+1.51708126E+00,+21.25000000E+00
+14.98200E-03,+3.52713155E+00,+21.25000000E+00
+14.99850E-03,+1.51708126E+00,+21.25000000E+00
+15.01500E-03,+3.52713156E+00,+21.25000000E+00
+15.03150E-03,+1.51708126E+00,+21.25000000E+00
+15.04800E-03,+3.52713156E+00,+21.25000000E+00
+15.06450E-03,+3.52713155E+00,+21.25000000E+00
+15.08100E-03,+1.51708126E+00,+21.25000000E+00
+15.09750E-03,+3.52713156E+00,+21.25000000E+00
+15.11400E-03,+1.51708126E+00,+21.25000000E+00
+15.13050E-03,+3.52713156E+00,+21.25000000E+00
+15.14700E-03,+1.51708126E+00,+21.25000000E+00
+15.16350E-03,+1.51708126E+00,+21.25000000E+00
+15.18000E-03,+1.51708126E+00,+21.25000000E+00
+15.19650E-03,-492.96903E-03,+21.25000000E+00
+15.21300E-03,+1.51708126E+00,+21.25000000E+00
+15.22950E-03,+1.51708126E+00,+21.25000000E+00
+15.24600E-03,+1.51708126E+00,+21.25000000E+00
+15.26250E-03,+1.51708126E+00,+19.23994970E+00
+15.27900E-03,+1.51708126E+00,+19.23994971E+00
+15.29550E-03,+1.51708126E+00,+19.23994970E+00
+15.31200E-03,-492.96903E-03,+21.25000000E+00
+15.32850E-03,+3.52713156E+00,+19.23994970E+00
+15.34500E-03,+1.51708126E+00,+19.23994970E+00
+15.36150E-03,+3.52713155E+00,+19.23994970E+00
+15.37800E-03,+1.51708126E+00,+19.23994970E+00
+15.39450E-03,+1.51708126E+00,+19.23994970E+00
+15.41100E-03,+1.51708126E+00,+21.25000000E+00
+15.42750E-03,-492.96903E-03,+19.23994970E+00
+15.44400E-03,+1.51708126E+00,+19.23994970E+00
+15.46050E-03,+1.51708126E+00,+19.23994970E+00
+15.47700E-03,+1.51708126E+00,+19.23994970E+00
+15.49350E-03,-492.96904E-03,+19.23994970E+00
+15.51000E-03,+1.51708126E+00,+19.23994970E+00
+15.52650E-03,-492.96903E-03,+19.23994970E+00
+15.54300E-03,+1.51708126E+00,+19.23994970E+00
+15.55950E-03,+3.52713156E+00,+19.23994970E+00
+15.57600E-03,+5.53718185E+00,+19.23994970E+00
+15.59250E-03,+3.52713156E+00,+19.23994970E+00
+15.60900E-03,+1.51708126E+00,+19.23994970E+00
+15.62550E-03,+1.51708126E+00,+19.23994970E+00
+15.64200E-03,+1.51708126E+00,+17.22989941E+00
+15.65850E-03,+5.53718185E+00,+17.22989941E+00
+15.67500E-03,-492.96903E-03,+19.23994970E+00
+15.69150E-03,-492.96903E-03,+19.23994970E+00
+15.70800E-03,+3.52713155E+00,+17.22989941E+00
+15.72450E-03,+1.51708126E+00,+17.22989941E+00
+15.74100E-03,+1.51708126E+00,+17.22989941E+00
+15.75750E-03,+1.51708126E+00,+17.22989941E+00
+15.77400E-03,+1.51708126E+00,+19.23994970E+00
+15.79050E-03,+3.52713156E+00,+17.22989941E+00
+15.80700E-03,+1.51708126E+00,+19.23994970E+00
+15.82350E-03,+1.51708126E+00,+19.23994970E+00
+15.84000E-03,+3.52713156E+00,+17.22989941E+00
+15.85650E-03,+1.51708126E+00,+17.22989941E+00
+15.87300E-03,+11.56733274E+00,+17.22989940E+00
+15.88950E-03,+3.52713155E+00,+17.22989941E+00
+15.90600E-03,+1.51708126E+00,+17.22989941E+00
+15.92250E-03,+1.51708126E+00,+17.22989941E+00
+15.93900E-03,+13.57738303E+00,+17.22989941E+00
+15.95550E-03,+5.53718186E+00,+17.22989941E+00
+15.97200E-03,+15.58743332E+00,+17.22989941E+00
+15.98850E-03,+3.52713156E+00,+17.22989941E+00
+16.00500E-03,+9.55728245E+00,+17.22989941E+00
+16.02150E-03,+13.57738303E+00,+17.22989941E+00
+16.03800E-03,+3.52713156E+00,+15.21984911E+00
+16.05450E-03,+11.56733276E+00,+17.22989941E+00
+16.07100E-03,+11.56733276E+00,+15.21984911E+00
+16.08750E-03,+13.57738304E+00,+15.21984911E+00
+16.10400E-03,+11.56733275E+00,+17.22989941E+00
+16.12050E-03,+13.57738305E+00,+17.22989941E+00
+16.13700E-03,+37.69798662E+00,+15.21984911E+00
+16.15350E-03,+31.66783569E+00,+15.21984911E+00
+16.17000E-03,+9.55728245E+00,+15.21984911E+00
+16.18650E-03,+5.53718186E+00,+15.21984911E+00
+16.20300E-03,+19.60753391E+00,+17.22989941E+00
+16.21950E-03,+7.54723215E+00,+17.22989941E+00
+16.23600E-03,+11.56733274E+00,+15.21984911E+00
+16.25250E-03,+7.54723215E+00,+15.21984911E+00
+16.26900E-03,+1.51708126E+00,+17.22989940E+00
+16.28550E-03,+7.54723215E+00,+15.21984911E+00
+16.30200E-03,+1.51708126E+00,+15.21984911E+00
+16.31850E-03,+1.51708126E+00,+15.21984911E+00
+16.33500E-03,-492.96903E-03,+15.21984911E+00
+16.35150E-03,-492.96904E-03,+17.22989940E+00
+16.36800E-03,-492.96904E-03,+15.21984911E+00
+16.38450E-03,-492.96903E-03,+15.21984911E+00
+16.40100E-03,+1.51708126E+00,+15.21984911E+00
+16.41750E-03,-492.96904E-03,+15.21984911E+00
+16.43400E-03,+1.51708126E+00,+15.21984911E+00
+16.45050E-03,-492.96904E-03,+15.21984911E+00
+16.46700E-03,-492.96904E-03,+15.21984911E+00
+16.48350E-03,+1.51708126E+00,+13.20979882E+00
